-- MySQL dump 10.13  Distrib 8.0.16, for macos10.14 (x86_64)
--
-- Host: 127.0.0.1    Database: H_E_ME_db
-- ------------------------------------------------------
-- Server version	5.7.26

/*!40101 SET @OLD_CHARACTER_SET_CLIENT=@@CHARACTER_SET_CLIENT */;
/*!40101 SET @OLD_CHARACTER_SET_RESULTS=@@CHARACTER_SET_RESULTS */;
/*!40101 SET @OLD_COLLATION_CONNECTION=@@COLLATION_CONNECTION */;
 SET NAMES utf8 ;
/*!40103 SET @OLD_TIME_ZONE=@@TIME_ZONE */;
/*!40103 SET TIME_ZONE='+00:00' */;
/*!40014 SET @OLD_UNIQUE_CHECKS=@@UNIQUE_CHECKS, UNIQUE_CHECKS=0 */;
/*!40014 SET @OLD_FOREIGN_KEY_CHECKS=@@FOREIGN_KEY_CHECKS, FOREIGN_KEY_CHECKS=0 */;
/*!40101 SET @OLD_SQL_MODE=@@SQL_MODE, SQL_MODE='NO_AUTO_VALUE_ON_ZERO' */;
/*!40111 SET @OLD_SQL_NOTES=@@SQL_NOTES, SQL_NOTES=0 */;

--
-- Table structure for table `aisle`
--

DROP TABLE IF EXISTS `aisle`;
/*!40101 SET @saved_cs_client     = @@character_set_client */;
 SET character_set_client = utf8mb4 ;
CREATE TABLE `aisle` (
  `id` int(11) NOT NULL AUTO_INCREMENT,
  `name` varchar(30) NOT NULL,
  `createdAt` datetime NOT NULL DEFAULT CURRENT_TIMESTAMP,
  `updatedAt` datetime NOT NULL DEFAULT CURRENT_TIMESTAMP,
  `storeId` int(11) DEFAULT NULL,
  PRIMARY KEY (`id`),
  KEY `storeId` (`storeId`),
  CONSTRAINT `aisle_ibfk_1` FOREIGN KEY (`storeId`) REFERENCES `store` (`id`) ON DELETE SET NULL ON UPDATE CASCADE
) ENGINE=InnoDB AUTO_INCREMENT=149 DEFAULT CHARSET=latin1;
/*!40101 SET character_set_client = @saved_cs_client */;

--
-- Dumping data for table `aisle`
--

LOCK TABLES `aisle` WRITE;
/*!40000 ALTER TABLE `aisle` DISABLE KEYS */;
INSERT INTO `aisle` VALUES (1,'1','2019-06-25 20:26:11','2019-06-25 20:26:11',1),(2,'2','2019-06-25 20:26:11','2019-06-25 20:26:11',1),(3,'3','2019-06-25 20:26:11','2019-06-25 20:26:11',1),(4,'4','2019-06-25 20:26:11','2019-06-25 20:26:11',1),(5,'5','2019-06-25 20:26:11','2019-06-25 20:26:11',1),(6,'6','2019-06-25 20:26:11','2019-06-25 20:26:11',1),(7,'7','2019-06-25 20:26:11','2019-06-25 20:26:11',1),(8,'8','2019-06-25 20:26:11','2019-06-25 20:26:11',1),(9,'9','2019-06-25 20:26:11','2019-06-25 20:26:11',1),(10,'11','2019-06-25 20:26:11','2019-06-25 20:26:11',1),(11,'12','2019-06-25 20:26:11','2019-06-25 20:26:11',1),(12,'13','2019-06-25 20:26:11','2019-06-25 20:26:11',1),(13,'14','2019-06-25 20:26:11','2019-06-25 20:26:11',1),(14,'15','2019-06-25 20:26:11','2019-06-25 20:26:11',1),(15,'16','2019-06-25 20:26:11','2019-06-25 20:26:11',1),(16,'19','2019-06-25 20:26:11','2019-06-25 20:26:11',1),(17,'20','2019-06-25 20:26:11','2019-06-25 20:26:11',1),(18,'21','2019-06-25 20:26:11','2019-06-25 20:26:11',1),(19,'22','2019-06-25 20:26:11','2019-06-25 20:26:11',1),(20,'23','2019-06-25 20:26:11','2019-06-25 20:26:11',1),(21,'24','2019-06-25 20:26:11','2019-06-25 20:26:11',1),(22,'25','2019-06-25 20:26:11','2019-06-25 20:26:11',1),(23,'27','2019-06-25 20:26:11','2019-06-25 20:26:11',1),(24,'28','2019-06-25 20:26:11','2019-06-25 20:26:11',1),(25,'30','2019-06-25 20:26:11','2019-06-25 20:26:11',1),(26,'31','2019-06-25 20:26:11','2019-06-25 20:26:11',1),(27,'32','2019-06-25 20:26:11','2019-06-25 20:26:11',1),(28,'33','2019-06-25 20:26:11','2019-06-25 20:26:11',1),(29,'35','2019-06-25 20:26:11','2019-06-25 20:26:11',1),(30,'36','2019-06-25 20:26:11','2019-06-25 20:26:11',1),(31,'37','2019-06-25 20:26:11','2019-06-25 20:26:11',1),(32,'38','2019-06-25 20:26:11','2019-06-25 20:26:11',1),(33,'39','2019-06-25 20:26:11','2019-06-25 20:26:11',1),(34,'40','2019-06-25 20:26:11','2019-06-25 20:26:11',1),(35,'41','2019-06-25 20:26:11','2019-06-25 20:26:11',1),(36,'42','2019-06-25 20:26:11','2019-06-25 20:26:11',1),(37,'Checkstands','2019-06-25 20:26:11','2019-06-25 20:26:11',1),(38,'Pharmacy Wall','2019-06-25 20:26:11','2019-06-25 20:26:11',1),(39,'Wine & Beer','2019-06-25 20:26:11','2019-06-25 20:26:11',1),(40,'1','2019-06-25 20:26:11','2019-06-25 20:26:11',2),(41,'2','2019-06-25 20:26:11','2019-06-25 20:26:11',2),(42,'3','2019-06-25 20:26:11','2019-06-25 20:26:11',2),(43,'4','2019-06-25 20:26:11','2019-06-25 20:26:11',2),(44,'5','2019-06-25 20:26:11','2019-06-25 20:26:11',2),(45,'6','2019-06-25 20:26:11','2019-06-25 20:26:11',2),(46,'7','2019-06-25 20:26:11','2019-06-25 20:26:11',2),(47,'8','2019-06-25 20:26:11','2019-06-25 20:26:11',2),(48,'12','2019-06-25 20:26:11','2019-06-25 20:26:11',2),(49,'13','2019-06-25 20:26:11','2019-06-25 20:26:11',2),(50,'14','2019-06-25 20:26:11','2019-06-25 20:26:11',2),(51,'15','2019-06-25 20:26:11','2019-06-25 20:26:11',2),(52,'16','2019-06-25 20:26:11','2019-06-25 20:26:11',2),(53,'17','2019-06-25 20:26:11','2019-06-25 20:26:11',2),(54,'18','2019-06-25 20:26:11','2019-06-25 20:26:11',2),(55,'19','2019-06-25 20:26:11','2019-06-25 20:26:11',2),(56,'20','2019-06-25 20:26:11','2019-06-25 20:26:11',2),(57,'21','2019-06-25 20:26:11','2019-06-25 20:26:11',2),(58,'22','2019-06-25 20:26:11','2019-06-25 20:26:11',2),(59,'23','2019-06-25 20:26:11','2019-06-25 20:26:11',2),(60,'24','2019-06-25 20:26:11','2019-06-25 20:26:11',2),(61,'25','2019-06-25 20:26:11','2019-06-25 20:26:11',2),(62,'27','2019-06-25 20:26:11','2019-06-25 20:26:11',2),(63,'28','2019-06-25 20:26:11','2019-06-25 20:26:11',2),(64,'Aisle 29 End Cap','2019-06-25 20:26:11','2019-06-25 20:26:11',2),(65,'Checkstands','2019-06-25 20:26:11','2019-06-25 20:26:11',2),(66,'Wine & Beer','2019-06-25 20:26:11','2019-06-25 20:26:11',2),(67,'1','2019-06-25 20:26:11','2019-06-25 20:26:11',3),(68,'2','2019-06-25 20:26:11','2019-06-25 20:26:11',3),(69,'3','2019-06-25 20:26:11','2019-06-25 20:26:11',3),(70,'4','2019-06-25 20:26:11','2019-06-25 20:26:11',3),(71,'5','2019-06-25 20:26:11','2019-06-25 20:26:11',3),(72,'6','2019-06-25 20:26:11','2019-06-25 20:26:11',3),(73,'7','2019-06-25 20:26:11','2019-06-25 20:26:11',3),(74,'8','2019-06-25 20:26:11','2019-06-25 20:26:11',3),(75,'9','2019-06-25 20:26:11','2019-06-25 20:26:11',3),(76,'10','2019-06-25 20:26:11','2019-06-25 20:26:11',3),(77,'11','2019-06-25 20:26:11','2019-06-25 20:26:11',3),(78,'12','2019-06-25 20:26:11','2019-06-25 20:26:11',3),(79,'13','2019-06-25 20:26:11','2019-06-25 20:26:11',3),(80,'14','2019-06-25 20:26:11','2019-06-25 20:26:11',3),(81,'15','2019-06-25 20:26:11','2019-06-25 20:26:11',3),(82,'16','2019-06-25 20:26:11','2019-06-25 20:26:11',3),(83,'17','2019-06-25 20:26:11','2019-06-25 20:26:11',3),(84,'18','2019-06-25 20:26:11','2019-06-25 20:26:11',3),(85,'19','2019-06-25 20:26:11','2019-06-25 20:26:11',3),(86,'20','2019-06-25 20:26:11','2019-06-25 20:26:11',3),(87,'21','2019-06-25 20:26:11','2019-06-25 20:26:11',3),(88,'22','2019-06-25 20:26:11','2019-06-25 20:26:11',3),(89,'23','2019-06-25 20:26:11','2019-06-25 20:26:11',3),(90,'24','2019-06-25 20:26:11','2019-06-25 20:26:11',3),(91,'25','2019-06-25 20:26:11','2019-06-25 20:26:11',3),(92,'26','2019-06-25 20:26:11','2019-06-25 20:26:11',3),(93,'27','2019-06-25 20:26:11','2019-06-25 20:26:11',3),(94,'28','2019-06-25 20:26:11','2019-06-25 20:26:11',3),(95,'29','2019-06-25 20:26:11','2019-06-25 20:26:11',3),(96,'30','2019-06-25 20:26:11','2019-06-25 20:26:11',3),(97,'31','2019-06-25 20:26:11','2019-06-25 20:26:11',3),(98,'32','2019-06-25 20:26:11','2019-06-25 20:26:11',3),(99,'33','2019-06-25 20:26:11','2019-06-25 20:26:11',3),(100,'34','2019-06-25 20:26:11','2019-06-25 20:26:11',3),(101,'35','2019-06-25 20:26:11','2019-06-25 20:26:11',3),(102,'36','2019-06-25 20:26:11','2019-06-25 20:26:11',3),(103,'Aisle 16 End Cap','2019-06-25 20:26:11','2019-06-25 20:26:11',3),(104,'Back Wall','2019-06-25 20:26:11','2019-06-25 20:26:11',3),(105,'Card & Party','2019-06-25 20:26:11','2019-06-25 20:26:11',3),(106,'Checkstands','2019-06-25 20:26:11','2019-06-25 20:26:11',3),(107,'Kitchen','2019-06-25 20:26:11','2019-06-25 20:26:11',3),(108,'School/Office Supplies','2019-06-25 20:26:11','2019-06-25 20:26:11',3),(109,'Toys','2019-06-25 20:26:11','2019-06-25 20:26:11',3),(110,'Wine & Beer','2019-06-25 20:26:11','2019-06-25 20:26:11',3),(111,'1','2019-06-25 20:26:11','2019-06-25 20:26:11',4),(112,'2','2019-06-25 20:26:11','2019-06-25 20:26:11',4),(113,'4','2019-06-25 20:26:11','2019-06-25 20:26:11',4),(114,'5','2019-06-25 20:26:11','2019-06-25 20:26:11',4),(115,'6','2019-06-25 20:26:11','2019-06-25 20:26:11',4),(116,'7','2019-06-25 20:26:11','2019-06-25 20:26:11',4),(117,'8','2019-06-25 20:26:11','2019-06-25 20:26:11',4),(118,'9','2019-06-25 20:26:11','2019-06-25 20:26:11',4),(119,'10','2019-06-25 20:26:11','2019-06-25 20:26:11',4),(120,'11','2019-06-25 20:26:11','2019-06-25 20:26:11',4),(121,'12','2019-06-25 20:26:11','2019-06-25 20:26:11',4),(122,'13','2019-06-25 20:26:11','2019-06-25 20:26:11',4),(123,'19','2019-06-25 20:26:11','2019-06-25 20:26:11',4),(124,'20','2019-06-25 20:26:11','2019-06-25 20:26:11',4),(125,'21','2019-06-25 20:26:11','2019-06-25 20:26:11',4),(126,'22','2019-06-25 20:26:11','2019-06-25 20:26:11',4),(127,'27','2019-06-25 20:26:11','2019-06-25 20:26:11',4),(128,'28','2019-06-25 20:26:11','2019-06-25 20:26:11',4),(129,'29','2019-06-25 20:26:11','2019-06-25 20:26:11',4),(130,'30','2019-06-25 20:26:11','2019-06-25 20:26:11',4),(131,'31','2019-06-25 20:26:11','2019-06-25 20:26:11',4),(132,'32','2019-06-25 20:26:11','2019-06-25 20:26:11',4),(133,'33','2019-06-25 20:26:11','2019-06-25 20:26:11',4),(134,'34','2019-06-25 20:26:11','2019-06-25 20:26:11',4),(135,'35','2019-06-25 20:26:11','2019-06-25 20:26:11',4),(136,'36','2019-06-25 20:26:11','2019-06-25 20:26:11',4),(137,'37','2019-06-25 20:26:11','2019-06-25 20:26:11',4),(138,'38','2019-06-25 20:26:11','2019-06-25 20:26:11',4),(139,'39','2019-06-25 20:26:11','2019-06-25 20:26:11',4),(140,'40','2019-06-25 20:26:11','2019-06-25 20:26:11',4),(141,'41','2019-06-25 20:26:11','2019-06-25 20:26:11',4),(142,'42','2019-06-25 20:26:11','2019-06-25 20:26:11',4),(143,'43','2019-06-25 20:26:11','2019-06-25 20:26:11',4),(144,'44','2019-06-25 20:26:11','2019-06-25 20:26:11',4),(145,'45','2019-06-25 20:26:11','2019-06-25 20:26:11',4),(146,'Checkstands','2019-06-25 20:26:11','2019-06-25 20:26:11',4),(147,'Kitchen','2019-06-25 20:26:11','2019-06-25 20:26:11',4),(148,'Left Wall','2019-06-25 20:26:11','2019-06-25 20:26:11',4);
/*!40000 ALTER TABLE `aisle` ENABLE KEYS */;
UNLOCK TABLES;

--
-- Table structure for table `item`
--

DROP TABLE IF EXISTS `item`;
/*!40101 SET @saved_cs_client     = @@character_set_client */;
 SET character_set_client = utf8mb4 ;
CREATE TABLE `item` (
  `id` int(11) NOT NULL AUTO_INCREMENT,
  `name` varchar(30) NOT NULL,
  `createdAt` datetime NOT NULL DEFAULT CURRENT_TIMESTAMP,
  `updatedAt` datetime NOT NULL DEFAULT CURRENT_TIMESTAMP,
  `aisleId` int(11) DEFAULT NULL,
  `itemNameId` int(11) DEFAULT NULL,
  PRIMARY KEY (`id`),
  KEY `aisleId` (`aisleId`),
  KEY `itemNameId` (`itemNameId`),
  CONSTRAINT `item_ibfk_1` FOREIGN KEY (`aisleId`) REFERENCES `aisle` (`id`) ON DELETE SET NULL ON UPDATE CASCADE,
  CONSTRAINT `item_ibfk_2` FOREIGN KEY (`itemNameId`) REFERENCES `item_name` (`id`) ON DELETE SET NULL ON UPDATE CASCADE
) ENGINE=InnoDB AUTO_INCREMENT=669 DEFAULT CHARSET=latin1;
/*!40101 SET character_set_client = @saved_cs_client */;

--
-- Dumping data for table `item`
--

LOCK TABLES `item` WRITE;
/*!40000 ALTER TABLE `item` DISABLE KEYS */;
INSERT INTO `item` VALUES (1,'Wine','2019-06-25 20:38:46','2019-06-25 20:38:46',1,167),(2,'Bread','2019-06-25 20:38:46','2019-06-25 20:38:46',2,26),(3,'Honey','2019-06-25 20:38:46','2019-06-25 20:38:46',2,87),(4,'Jam/Jelly','2019-06-25 20:38:46','2019-06-25 20:38:46',2,94),(5,'Olives','2019-06-25 20:38:46','2019-06-25 20:38:46',2,118),(6,'Peanut Butter','2019-06-25 20:38:46','2019-06-25 20:38:46',2,125),(7,'Picante Sauce','2019-06-25 20:38:46','2019-06-25 20:38:46',2,127),(8,'Pickles','2019-06-25 20:38:46','2019-06-25 20:38:46',2,128),(9,'Salsa','2019-06-25 20:38:46','2019-06-25 20:38:46',2,142),(10,'Tortillas','2019-06-25 20:38:46','2019-06-25 20:38:46',2,161),(11,'Barbecue Sauce','2019-06-25 20:38:46','2019-06-25 20:38:46',3,15),(12,'Condiments','2019-06-25 20:38:46','2019-06-25 20:38:46',3,49),(13,'Ketchup','2019-06-25 20:38:46','2019-06-25 20:38:46',3,97),(14,'Mayonnaise','2019-06-25 20:38:46','2019-06-25 20:38:46',3,108),(15,'Mustard','2019-06-25 20:38:46','2019-06-25 20:38:46',3,112),(16,'Pasta (Dry)','2019-06-25 20:38:46','2019-06-25 20:38:46',3,123),(17,'Salad Dressing','2019-06-25 20:38:46','2019-06-25 20:38:46',3,141),(18,'Vinegar','2019-06-25 20:38:46','2019-06-25 20:38:46',3,164),(19,'Asian Foods','2019-06-25 20:38:46','2019-06-25 20:38:46',4,5),(20,'Kosher Foods','2019-06-25 20:38:46','2019-06-25 20:38:46',4,100),(21,'Rice','2019-06-25 20:38:46','2019-06-25 20:38:46',4,139),(22,'Beans (Canned)','2019-06-25 20:38:46','2019-06-25 20:38:46',5,19),(23,'Canned Chili','2019-06-25 20:38:46','2019-06-25 20:38:46',5,31),(24,'Canned Fish','2019-06-25 20:38:46','2019-06-25 20:38:46',5,32),(25,'Canned Fruit','2019-06-25 20:38:46','2019-06-25 20:38:46',5,33),(26,'Canned Meat','2019-06-25 20:38:46','2019-06-25 20:38:46',5,34),(27,'Canned Tomato','2019-06-25 20:38:46','2019-06-25 20:38:46',5,35),(28,'Canned Vegetables','2019-06-25 20:38:46','2019-06-25 20:38:46',5,36),(29,'Goya','2019-06-25 20:38:46','2019-06-25 20:38:46',5,78),(30,'Hispanic Foods','2019-06-25 20:38:46','2019-06-25 20:38:46',5,86),(31,'Pasta (Canned)','2019-06-25 20:38:46','2019-06-25 20:38:46',5,122),(32,'Pimentos','2019-06-25 20:38:46','2019-06-25 20:38:46',5,130),(33,'Soup','2019-06-25 20:38:46','2019-06-25 20:38:46',5,152),(34,'Bakeware','2019-06-25 20:38:46','2019-06-25 20:38:46',6,13),(35,'Beans (Dry)','2019-06-25 20:38:46','2019-06-25 20:38:46',6,20),(36,'Boxed Dinners','2019-06-25 20:38:46','2019-06-25 20:38:46',6,25),(37,'Gravy Mixes','2019-06-25 20:38:46','2019-06-25 20:38:46',6,79),(38,'Macaroni & Cheese','2019-06-25 20:38:46','2019-06-25 20:38:46',6,105),(39,'Microwaveable Food','2019-06-25 20:38:46','2019-06-25 20:38:46',6,110),(40,'Potatoes/Stuffing','2019-06-25 20:38:46','2019-06-25 20:38:46',6,134),(41,'Sauce/Gravy Mix','2019-06-25 20:38:46','2019-06-25 20:38:46',6,144),(42,'Appliances','2019-06-25 20:38:46','2019-06-25 20:38:46',7,4),(43,'Canning Supplies','2019-06-25 20:38:46','2019-06-25 20:38:46',7,37),(44,'Kitchen Gadgets','2019-06-25 20:38:46','2019-06-25 20:38:46',7,98),(45,'Biscuit Mix','2019-06-25 20:38:46','2019-06-25 20:38:46',8,23),(46,'Cake Mixes','2019-06-25 20:38:46','2019-06-25 20:38:46',8,28),(47,'Flour','2019-06-25 20:38:46','2019-06-25 20:38:46',8,71),(48,'Foil Bakeware','2019-06-25 20:38:46','2019-06-25 20:38:46',8,72),(49,'Jell-O','2019-06-25 20:38:46','2019-06-25 20:38:46',8,95),(50,'Marshmallows','2019-06-25 20:38:46','2019-06-25 20:38:46',8,106),(51,'Milk (Canned/Powdered)','2019-06-25 20:38:46','2019-06-25 20:38:46',8,111),(52,'Nuts (Baking)','2019-06-25 20:38:46','2019-06-25 20:38:46',8,115),(53,'Oil/Shortening','2019-06-25 20:38:46','2019-06-25 20:38:46',8,117),(54,'Pie Filling','2019-06-25 20:38:46','2019-06-25 20:38:46',8,129),(55,'Salt','2019-06-25 20:38:46','2019-06-25 20:38:46',8,143),(56,'Spices','2019-06-25 20:38:46','2019-06-25 20:38:46',8,153),(57,'Sugar','2019-06-25 20:38:46','2019-06-25 20:38:46',8,156),(58,'Cereal','2019-06-25 20:38:46','2019-06-25 20:38:46',9,40),(59,'Cereal (Hot)','2019-06-25 20:38:46','2019-06-25 20:38:46',9,41),(60,'Fruit Snacks','2019-06-25 20:38:46','2019-06-25 20:38:46',9,75),(61,'Instant Breakfast','2019-06-25 20:38:46','2019-06-25 20:38:46',9,93),(62,'Pancake Mix','2019-06-25 20:38:46','2019-06-25 20:38:46',9,119),(63,'Pop Tarts','2019-06-25 20:38:46','2019-06-25 20:38:46',9,132),(64,'Syrup','2019-06-25 20:38:46','2019-06-25 20:38:46',9,157),(65,'Toaster Pastries','2019-06-25 20:38:46','2019-06-25 20:38:46',9,159),(66,'Dried Fruit','2019-06-25 20:38:46','2019-06-25 20:38:46',10,61),(67,'Nuts (Snacking)','2019-06-25 20:38:46','2019-06-25 20:38:46',10,116),(68,'Pastries','2019-06-25 20:38:46','2019-06-25 20:38:46',10,124),(69,'Popcorn','2019-06-25 20:38:46','2019-06-25 20:38:46',10,133),(70,'Pudding','2019-06-25 20:38:46','2019-06-25 20:38:46',10,136),(71,'Rice Cakes','2019-06-25 20:38:46','2019-06-25 20:38:46',10,140),(72,'Snacks','2019-06-25 20:38:46','2019-06-25 20:38:46',10,150),(73,'Coffee','2019-06-25 20:38:46','2019-06-25 20:38:46',11,46),(74,'Coffee Creamer','2019-06-25 20:38:46','2019-06-25 20:38:46',11,47),(75,'Coffee Filters','2019-06-25 20:38:46','2019-06-25 20:38:46',11,48),(76,'Cookies','2019-06-25 20:38:46','2019-06-25 20:38:46',11,50),(77,'Crackers','2019-06-25 20:38:46','2019-06-25 20:38:46',11,54),(78,'Candy','2019-06-25 20:38:46','2019-06-25 20:38:46',12,30),(79,'Juice','2019-06-25 20:38:46','2019-06-25 20:38:46',12,96),(80,'Charcoal','2019-06-25 20:38:46','2019-06-25 20:38:46',13,42),(81,'Grilling','2019-06-25 20:38:46','2019-06-25 20:38:46',13,81),(82,'Matches','2019-06-25 20:38:46','2019-06-25 20:38:46',13,107),(83,'Water','2019-06-25 20:38:46','2019-06-25 20:38:46',13,166),(84,'Kool-Aid','2019-06-25 20:38:46','2019-06-25 20:38:46',14,99),(85,'Powdered Drink Mix','2019-06-25 20:38:46','2019-06-25 20:38:46',14,135),(86,'Sodas','2019-06-25 20:38:46','2019-06-25 20:38:46',14,151),(87,'Sports Drinks','2019-06-25 20:38:46','2019-06-25 20:38:46',14,154),(88,'Hot Cocoa','2019-06-25 20:38:46','2019-06-25 20:38:46',15,89),(89,'Tea','2019-06-25 20:38:46','2019-06-25 20:38:46',15,158),(90,'Aluminum Foil','2019-06-25 20:38:46','2019-06-25 20:38:46',16,3),(91,'Bags/Wrap','2019-06-25 20:38:46','2019-06-25 20:38:46',16,12),(92,'Plates/Cups','2019-06-25 20:38:46','2019-06-25 20:38:46',16,131),(93,'Toothpicks','2019-06-25 20:38:46','2019-06-25 20:38:46',16,160),(94,'Bath Tissue','2019-06-25 20:38:46','2019-06-25 20:38:46',17,17),(95,'Facial Tissue','2019-06-25 20:38:46','2019-06-25 20:38:46',17,67),(96,'Food Wrap/Containers','2019-06-25 20:38:46','2019-06-25 20:38:46',17,73),(97,'Napkins','2019-06-25 20:38:46','2019-06-25 20:38:46',17,113),(98,'Paper Towels','2019-06-25 20:38:46','2019-06-25 20:38:46',17,120),(99,'Trash Bags','2019-06-25 20:38:46','2019-06-25 20:38:46',17,163),(100,'Air Freshener','2019-06-25 20:38:46','2019-06-25 20:38:46',18,2),(101,'Brooms/Mops','2019-06-25 20:38:46','2019-06-25 20:38:46',18,27),(102,'Candles','2019-06-25 20:38:46','2019-06-25 20:38:46',18,29),(103,'Chips','2019-06-25 20:38:46','2019-06-25 20:38:46',18,43),(104,'Cleaners/Cleansers','2019-06-25 20:38:46','2019-06-25 20:38:46',18,44),(105,'Dish Soap','2019-06-25 20:38:46','2019-06-25 20:38:46',18,59),(106,'Floor Wax','2019-06-25 20:38:46','2019-06-25 20:38:46',18,70),(107,'Religious Candles','2019-06-25 20:38:46','2019-06-25 20:38:46',18,138),(108,'A/C Filters','2019-06-25 20:38:46','2019-06-25 20:38:46',19,1),(109,'Bleach','2019-06-25 20:38:46','2019-06-25 20:38:46',19,24),(110,'Closet Items','2019-06-25 20:38:46','2019-06-25 20:38:46',19,45),(111,'Fabric Softener','2019-06-25 20:38:46','2019-06-25 20:38:46',19,65),(112,'Laundry Detergent','2019-06-25 20:38:46','2019-06-25 20:38:46',19,101),(113,'Starch','2019-06-25 20:38:46','2019-06-25 20:38:46',19,155),(114,'Birdseed','2019-06-25 20:38:46','2019-06-25 20:38:46',20,22),(115,'Cat Food','2019-06-25 20:38:46','2019-06-25 20:38:46',20,38),(116,'Cat Litter','2019-06-25 20:38:46','2019-06-25 20:38:46',20,39),(117,'Dog Food','2019-06-25 20:38:46','2019-06-25 20:38:46',20,60),(118,'Pet Supplies','2019-06-25 20:38:46','2019-06-25 20:38:46',20,126),(119,'Baby Medication','2019-06-25 20:38:46','2019-06-25 20:38:46',21,10),(120,'Baby Wipes','2019-06-25 20:38:46','2019-06-25 20:38:46',21,11),(121,'Diapers','2019-06-25 20:38:46','2019-06-25 20:38:46',21,57),(122,'Baby Accessories','2019-06-25 20:38:46','2019-06-25 20:38:46',22,7),(123,'Baby Food','2019-06-25 20:38:46','2019-06-25 20:38:46',22,8),(124,'Baby Formula','2019-06-25 20:38:46','2019-06-25 20:38:46',22,9),(125,'Greeting Cards','2019-06-25 20:38:46','2019-06-25 20:38:46',23,80),(126,'Party Supplies','2019-06-25 20:38:46','2019-06-25 20:38:46',23,121),(127,'Toys','2019-06-25 20:38:46','2019-06-25 20:38:46',23,162),(128,'Auto Supplies','2019-06-25 20:38:46','2019-06-25 20:38:46',24,6),(129,'Electrical/Lighting','2019-06-25 20:38:46','2019-06-25 20:38:46',24,63),(130,'Glue','2019-06-25 20:38:46','2019-06-25 20:38:46',24,77),(131,'Hardware','2019-06-25 20:38:46','2019-06-25 20:38:46',24,85),(132,'Insecticides','2019-06-25 20:38:46','2019-06-25 20:38:46',24,92),(133,'Light Bulbs','2019-06-25 20:38:46','2019-06-25 20:38:46',24,103),(134,'School/Office Supplies','2019-06-25 20:38:46','2019-06-25 20:38:46',24,145),(135,'Seasonal Items','2019-06-25 20:38:46','2019-06-25 20:38:46',25,146),(136,'Eye Care','2019-06-25 20:38:46','2019-06-25 20:38:46',26,64),(137,'Foot Care','2019-06-25 20:38:46','2019-06-25 20:38:46',26,74),(138,'Sewing Needs','2019-06-25 20:38:46','2019-06-25 20:38:46',26,147),(139,'Shoe Care','2019-06-25 20:38:46','2019-06-25 20:38:46',26,148),(140,'Band-Aids','2019-06-25 20:38:46','2019-06-25 20:38:46',27,14),(141,'First Aid','2019-06-25 20:38:46','2019-06-25 20:38:46',27,69),(142,'Q-Tips','2019-06-25 20:38:46','2019-06-25 20:38:46',27,137),(143,'Diet Aids','2019-06-25 20:38:46','2019-06-25 20:38:46',28,58),(144,'Cough/Cold','2019-06-25 20:38:46','2019-06-25 20:38:46',29,53),(145,'Laxatives','2019-06-25 20:38:46','2019-06-25 20:38:46',29,102),(146,'Hair Care','2019-06-25 20:38:46','2019-06-25 20:38:46',30,83),(147,'Cotton Balls','2019-06-25 20:38:46','2019-06-25 20:38:46',31,52),(148,'Hair Accessories','2019-06-25 20:38:46','2019-06-25 20:38:46',31,82),(149,'Hair Color','2019-06-25 20:38:46','2019-06-25 20:38:46',31,84),(150,'Cosmetics','2019-06-25 20:38:46','2019-06-25 20:38:46',32,51),(151,'Dental/Oral Care','2019-06-25 20:38:46','2019-06-25 20:38:46',33,55),(152,'Deodorant','2019-06-25 20:38:46','2019-06-25 20:38:46',33,56),(153,'Men’s Toiletries','2019-06-25 20:38:46','2019-06-25 20:38:46',33,109),(154,'Facial Tissue','2019-06-25 20:38:46','2019-06-25 20:38:46',34,68),(155,'Hosiery','2019-06-25 20:38:46','2019-06-25 20:38:46',34,88),(156,'Incontinence','2019-06-25 20:38:46','2019-06-25 20:38:46',34,91),(157,'Nutritional Aids/Bars','2019-06-25 20:38:46','2019-06-25 20:38:46',35,114),(158,'Vitamins','2019-06-25 20:38:46','2019-06-25 20:38:46',36,165),(159,'Batteries','2019-06-25 20:38:46','2019-06-25 20:38:46',37,18),(160,'Gift Cards','2019-06-25 20:38:46','2019-06-25 20:38:46',37,76),(161,'Ice','2019-06-25 20:38:46','2019-06-25 20:38:46',37,90),(162,'Skin Care','2019-06-25 20:38:46','2019-06-25 20:38:46',38,16),(163,'Facial Care','2019-06-25 20:38:46','2019-06-25 20:38:46',38,66),(164,'Lotion/Cream','2019-06-25 20:38:46','2019-06-25 20:38:46',38,104),(165,'Bath Soap','2019-06-25 20:38:46','2019-06-25 20:38:46',38,149),(166,'Beer','2019-06-25 20:38:46','2019-06-25 20:38:46',39,21),(167,'Drink Mixers','2019-06-25 20:38:46','2019-06-25 20:38:46',39,62),(168,'Bread','2019-06-25 20:38:46','2019-06-25 20:38:46',40,26),(169,'Honey','2019-06-25 20:38:46','2019-06-25 20:38:46',40,87),(170,'Jam/Jelly','2019-06-25 20:38:46','2019-06-25 20:38:46',40,94),(171,'Peanut Butter','2019-06-25 20:38:46','2019-06-25 20:38:46',40,125),(172,'Tortillas','2019-06-25 20:38:46','2019-06-25 20:38:46',40,161),(173,'Canned Fruit','2019-06-25 20:38:46','2019-06-25 20:38:46',40,33),(174,'Jell-O','2019-06-25 20:38:46','2019-06-25 20:38:46',40,95),(175,'Marshmallows','2019-06-25 20:38:46','2019-06-25 20:38:46',40,106),(176,'Fruit Snacks','2019-06-25 20:38:46','2019-06-25 20:38:46',40,75),(177,'Pop Tarts','2019-06-25 20:38:46','2019-06-25 20:38:46',40,132),(178,'Toaster Pastries','2019-06-25 20:38:46','2019-06-25 20:38:46',40,159),(179,'Dried Fruit','2019-06-25 20:38:46','2019-06-25 20:38:46',40,61),(180,'Pastries','2019-06-25 20:38:46','2019-06-25 20:38:46',40,124),(181,'Pudding','2019-06-25 20:38:46','2019-06-25 20:38:46',40,136),(182,'Olives','2019-06-25 20:38:46','2019-06-25 20:38:46',41,118),(183,'Picante Sauce','2019-06-25 20:38:46','2019-06-25 20:38:46',41,127),(184,'Pickles','2019-06-25 20:38:46','2019-06-25 20:38:46',41,128),(185,'Salsa','2019-06-25 20:38:46','2019-06-25 20:38:46',41,142),(186,'Barbecue Sauce','2019-06-25 20:38:46','2019-06-25 20:38:46',41,15),(187,'Condiments','2019-06-25 20:38:46','2019-06-25 20:38:46',41,49),(188,'Ketchup','2019-06-25 20:38:46','2019-06-25 20:38:46',41,97),(189,'Mayonnaise','2019-06-25 20:38:46','2019-06-25 20:38:46',41,108),(190,'Mustard','2019-06-25 20:38:46','2019-06-25 20:38:46',41,112),(191,'Salad Dressing','2019-06-25 20:38:46','2019-06-25 20:38:46',41,141),(192,'Vinegar','2019-06-25 20:38:46','2019-06-25 20:38:46',41,164),(193,'Rice','2019-06-25 20:38:46','2019-06-25 20:38:46',41,139),(194,'Beans (Dry)','2019-06-25 20:38:46','2019-06-25 20:38:46',41,20),(195,'Gravy Mixes','2019-06-25 20:38:46','2019-06-25 20:38:46',41,79),(196,'Sauce/Gravy Mix','2019-06-25 20:38:46','2019-06-25 20:38:46',41,144),(197,'Canning Supplies','2019-06-25 20:38:46','2019-06-25 20:38:46',41,37),(198,'Pasta (Dry)','2019-06-25 20:38:46','2019-06-25 20:38:46',42,123),(199,'Asian Foods','2019-06-25 20:38:46','2019-06-25 20:38:46',42,5),(200,'Kosher Foods','2019-06-25 20:38:46','2019-06-25 20:38:46',42,100),(201,'Goya','2019-06-25 20:38:46','2019-06-25 20:38:46',42,78),(202,'Hispanic Foods','2019-06-25 20:38:46','2019-06-25 20:38:46',42,86),(203,'Soup','2019-06-25 20:38:46','2019-06-25 20:38:46',42,152),(204,'Beans (Canned)','2019-06-25 20:38:46','2019-06-25 20:38:46',43,19),(205,'Canned Chili','2019-06-25 20:38:46','2019-06-25 20:38:46',43,31),(206,'Canned Fish','2019-06-25 20:38:46','2019-06-25 20:38:46',43,32),(207,'Canned Meat','2019-06-25 20:38:46','2019-06-25 20:38:46',43,34),(208,'Canned Tomato','2019-06-25 20:38:46','2019-06-25 20:38:46',43,35),(209,'Canned Vegetables','2019-06-25 20:38:46','2019-06-25 20:38:46',43,36),(210,'Pasta (Canned)','2019-06-25 20:38:46','2019-06-25 20:38:46',43,122),(211,'Pimentos','2019-06-25 20:38:46','2019-06-25 20:38:46',43,130),(212,'Bakeware','2019-06-25 20:38:46','2019-06-25 20:38:46',43,13),(213,'Boxed Dinners','2019-06-25 20:38:46','2019-06-25 20:38:46',43,25),(214,'Macaroni & Cheese','2019-06-25 20:38:46','2019-06-25 20:38:46',43,105),(215,'Microwaveable Food','2019-06-25 20:38:46','2019-06-25 20:38:46',43,110),(216,'Potatoes/Stuffing','2019-06-25 20:38:46','2019-06-25 20:38:46',43,134),(217,'Appliances','2019-06-25 20:38:46','2019-06-25 20:38:46',43,4),(218,'Kitchen Gadgets','2019-06-25 20:38:46','2019-06-25 20:38:46',43,98),(219,'Pie Filling','2019-06-25 20:38:46','2019-06-25 20:38:46',43,129),(220,'Candy','2019-06-25 20:38:46','2019-06-25 20:38:46',44,30),(221,'Juice','2019-06-25 20:38:46','2019-06-25 20:38:46',44,96),(222,'Nuts (Snacking)','2019-06-25 20:38:46','2019-06-25 20:38:46',45,116),(223,'Popcorn','2019-06-25 20:38:46','2019-06-25 20:38:46',45,133),(224,'Rice Cakes','2019-06-25 20:38:46','2019-06-25 20:38:46',45,140),(225,'Snacks','2019-06-25 20:38:46','2019-06-25 20:38:46',45,150),(226,'Coffee','2019-06-25 20:38:46','2019-06-25 20:38:46',45,46),(227,'Coffee Creamer','2019-06-25 20:38:46','2019-06-25 20:38:46',45,47),(228,'Coffee Filters','2019-06-25 20:38:46','2019-06-25 20:38:46',45,48),(229,'Cookies','2019-06-25 20:38:46','2019-06-25 20:38:46',45,50),(230,'Crackers','2019-06-25 20:38:46','2019-06-25 20:38:46',45,54),(231,'Hot Cocoa','2019-06-25 20:38:46','2019-06-25 20:38:46',45,89),(232,'Cosmetics','2019-06-25 20:38:46','2019-06-25 20:38:46',45,51),(233,'Instant Breakfast','2019-06-25 20:38:46','2019-06-25 20:38:46',46,93),(234,'Water','2019-06-25 20:38:46','2019-06-25 20:38:46',46,166),(235,'Kool-Aid','2019-06-25 20:38:46','2019-06-25 20:38:46',46,99),(236,'Powdered Drink Mix','2019-06-25 20:38:46','2019-06-25 20:38:46',46,135),(237,'Sports Drinks','2019-06-25 20:38:46','2019-06-25 20:38:46',46,154),(238,'Tea','2019-06-25 20:38:46','2019-06-25 20:38:46',46,158),(239,'Sodas','2019-06-25 20:38:46','2019-06-25 20:38:46',47,151),(240,'Chips','2019-06-25 20:38:46','2019-06-25 20:38:46',47,43),(241,'Insecticides','2019-06-25 20:38:46','2019-06-25 20:38:46',47,92),(242,'Nutritional Aids/Bars','2019-06-25 20:38:46','2019-06-25 20:38:46',48,114),(243,'Vitamins','2019-06-25 20:38:46','2019-06-25 20:38:46',48,165),(244,'Cereal','2019-06-25 20:38:46','2019-06-25 20:38:46',49,40),(245,'Cereal (Hot)','2019-06-25 20:38:46','2019-06-25 20:38:46',49,41),(246,'Pancake Mix','2019-06-25 20:38:46','2019-06-25 20:38:46',49,119),(247,'Syrup','2019-06-25 20:38:46','2019-06-25 20:38:46',49,157),(248,'Biscuit Mix','2019-06-25 20:38:46','2019-06-25 20:38:46',50,23),(249,'Cake Mixes','2019-06-25 20:38:46','2019-06-25 20:38:46',50,28),(250,'Flour','2019-06-25 20:38:46','2019-06-25 20:38:46',50,71),(251,'Foil Bakeware','2019-06-25 20:38:46','2019-06-25 20:38:46',50,72),(252,'Milk (Canned/Powdered)','2019-06-25 20:38:46','2019-06-25 20:38:46',50,111),(253,'Nuts (Baking)','2019-06-25 20:38:46','2019-06-25 20:38:46',50,115),(254,'Oil/Shortening','2019-06-25 20:38:46','2019-06-25 20:38:46',50,117),(255,'Salt','2019-06-25 20:38:46','2019-06-25 20:38:46',50,143),(256,'Spices','2019-06-25 20:38:46','2019-06-25 20:38:46',50,153),(257,'Sugar','2019-06-25 20:38:46','2019-06-25 20:38:46',50,156),(258,'Charcoal','2019-06-25 20:38:46','2019-06-25 20:38:46',51,42),(259,'Grilling','2019-06-25 20:38:46','2019-06-25 20:38:46',51,81),(260,'Matches','2019-06-25 20:38:46','2019-06-25 20:38:46',51,107),(261,'Bath Tissue','2019-06-25 20:38:46','2019-06-25 20:38:46',51,17),(262,'Facial Tissue','2019-06-25 20:38:46','2019-06-25 20:38:46',51,67),(263,'Paper Towels','2019-06-25 20:38:46','2019-06-25 20:38:46',51,120),(264,'Trash Bags','2019-06-25 20:38:46','2019-06-25 20:38:46',51,163),(265,'Seasonal Items','2019-06-25 20:38:46','2019-06-25 20:38:46',51,146),(266,'Facial Tissue','2019-06-25 20:38:46','2019-06-25 20:38:46',51,68),(267,'Aluminum Foil','2019-06-25 20:38:46','2019-06-25 20:38:46',52,3),(268,'Bags/Wrap','2019-06-25 20:38:46','2019-06-25 20:38:46',52,12),(269,'Plates/Cups','2019-06-25 20:38:46','2019-06-25 20:38:46',52,131),(270,'Toothpicks','2019-06-25 20:38:46','2019-06-25 20:38:46',52,160),(271,'Food Wrap/Containers','2019-06-25 20:38:46','2019-06-25 20:38:46',52,73),(272,'Napkins','2019-06-25 20:38:46','2019-06-25 20:38:46',52,113),(273,'Air Freshener','2019-06-25 20:38:46','2019-06-25 20:38:46',52,2),(274,'Brooms/Mops','2019-06-25 20:38:46','2019-06-25 20:38:46',52,27),(275,'Candles','2019-06-25 20:38:46','2019-06-25 20:38:46',52,29),(276,'Cleaners/Cleansers','2019-06-25 20:38:46','2019-06-25 20:38:46',52,44),(277,'Dish Soap','2019-06-25 20:38:46','2019-06-25 20:38:46',52,59),(278,'Floor Wax','2019-06-25 20:38:46','2019-06-25 20:38:46',52,70),(279,'Religious Candles','2019-06-25 20:38:46','2019-06-25 20:38:46',52,138),(280,'Closet Items','2019-06-25 20:38:46','2019-06-25 20:38:46',52,45),(281,'Bleach','2019-06-25 20:38:46','2019-06-25 20:38:46',53,24),(282,'Fabric Softener','2019-06-25 20:38:46','2019-06-25 20:38:46',53,65),(283,'Laundry Detergent','2019-06-25 20:38:46','2019-06-25 20:38:46',53,101),(284,'Starch','2019-06-25 20:38:46','2019-06-25 20:38:46',53,155),(285,'Baby Medication','2019-06-25 20:38:46','2019-06-25 20:38:46',53,10),(286,'Baby Wipes','2019-06-25 20:38:46','2019-06-25 20:38:46',53,11),(287,'Diapers','2019-06-25 20:38:46','2019-06-25 20:38:46',53,57),(288,'Baby Accessories','2019-06-25 20:38:46','2019-06-25 20:38:46',53,7),(289,'Baby Food','2019-06-25 20:38:46','2019-06-25 20:38:46',53,8),(290,'Baby Formula','2019-06-25 20:38:46','2019-06-25 20:38:46',53,9),(291,'A/C Filters','2019-06-25 20:38:46','2019-06-25 20:38:46',54,1),(292,'Birdseed','2019-06-25 20:38:46','2019-06-25 20:38:46',54,22),(293,'Cat Food','2019-06-25 20:38:46','2019-06-25 20:38:46',54,38),(294,'Cat Litter','2019-06-25 20:38:46','2019-06-25 20:38:46',54,39),(295,'Dog Food','2019-06-25 20:38:46','2019-06-25 20:38:46',54,60),(296,'Pet Supplies','2019-06-25 20:38:46','2019-06-25 20:38:46',54,126),(297,'Auto Supplies','2019-06-25 20:38:46','2019-06-25 20:38:46',54,6),(298,'Electrical/Lighting','2019-06-25 20:38:46','2019-06-25 20:38:46',54,63),(299,'Glue','2019-06-25 20:38:46','2019-06-25 20:38:46',54,77),(300,'Hardware','2019-06-25 20:38:46','2019-06-25 20:38:46',54,85),(301,'Light Bulbs','2019-06-25 20:38:46','2019-06-25 20:38:46',54,103),(302,'Greeting Cards','2019-06-25 20:38:46','2019-06-25 20:38:46',55,80),(303,'Party Supplies','2019-06-25 20:38:46','2019-06-25 20:38:46',55,121),(304,'Toys','2019-06-25 20:38:46','2019-06-25 20:38:46',55,162),(305,'School/Office Supplies','2019-06-25 20:38:46','2019-06-25 20:38:46',55,145),(306,'Diet Aids','2019-06-25 20:38:46','2019-06-25 20:38:46',56,58),(307,'Cough/Cold','2019-06-25 20:38:46','2019-06-25 20:38:46',57,53),(308,'Eye Care','2019-06-25 20:38:46','2019-06-25 20:38:46',58,64),(309,'Foot Care','2019-06-25 20:38:46','2019-06-25 20:38:46',58,74),(310,'Sewing Needs','2019-06-25 20:38:46','2019-06-25 20:38:46',58,147),(311,'Shoe Care','2019-06-25 20:38:46','2019-06-25 20:38:46',58,148),(312,'Band-Aids','2019-06-25 20:38:46','2019-06-25 20:38:46',58,14),(313,'Q-Tips','2019-06-25 20:38:46','2019-06-25 20:38:46',58,137),(314,'Laxatives','2019-06-25 20:38:46','2019-06-25 20:38:46',58,102),(315,'Hosiery','2019-06-25 20:38:46','2019-06-25 20:38:46',58,88),(316,'Dental/Oral Care','2019-06-25 20:38:46','2019-06-25 20:38:46',59,55),(317,'Men’s Toiletries','2019-06-25 20:38:46','2019-06-25 20:38:46',59,109),(318,'First Aid','2019-06-25 20:38:46','2019-06-25 20:38:46',60,69),(319,'Incontinence','2019-06-25 20:38:46','2019-06-25 20:38:46',60,91),(320,'Skin Care','2019-06-25 20:38:46','2019-06-25 20:38:46',60,104),(321,'Lotion/Cream','2019-06-25 20:38:46','2019-06-25 20:38:46',60,149),(322,'Deodorant','2019-06-25 20:38:46','2019-06-25 20:38:46',61,56),(323,'Facial Care','2019-06-25 20:38:46','2019-06-25 20:38:46',61,16),(324,'Bath Soap','2019-06-25 20:38:46','2019-06-25 20:38:46',61,66),(325,'Cotton Balls','2019-06-25 20:38:46','2019-06-25 20:38:46',62,52),(326,'Hair Accessories','2019-06-25 20:38:46','2019-06-25 20:38:46',62,82),(327,'Hair Care','2019-06-25 20:38:46','2019-06-25 20:38:46',63,83),(328,'Hair Color','2019-06-25 20:38:46','2019-06-25 20:38:46',63,84),(329,'Batteries','2019-06-25 20:38:46','2019-06-25 20:38:46',64,18),(330,'Gift Cards','2019-06-25 20:38:46','2019-06-25 20:38:46',65,76),(331,'Ice','2019-06-25 20:38:46','2019-06-25 20:38:46',65,90),(332,'Wine','2019-06-25 20:38:46','2019-06-25 20:38:46',66,167),(333,'Beer','2019-06-25 20:38:46','2019-06-25 20:38:46',66,21),(334,'Drink Mixers','2019-06-25 20:38:46','2019-06-25 20:38:46',66,62),(335,'Tortillas','2019-06-25 20:38:46','2019-06-25 20:38:46',67,161),(336,'Bread','2019-06-25 20:38:46','2019-06-25 20:38:46',68,26),(337,'Honey','2019-06-25 20:38:46','2019-06-25 20:38:46',68,87),(338,'Jam/Jelly','2019-06-25 20:38:46','2019-06-25 20:38:46',68,94),(339,'Peanut Butter','2019-06-25 20:38:46','2019-06-25 20:38:46',68,125),(340,'Barbecue Sauce','2019-06-25 20:38:46','2019-06-25 20:38:46',68,15),(341,'Ketchup','2019-06-25 20:38:46','2019-06-25 20:38:46',68,97),(342,'Mustard','2019-06-25 20:38:46','2019-06-25 20:38:46',68,112),(343,'Cookies','2019-06-25 20:38:46','2019-06-25 20:38:46',68,50),(344,'Olives','2019-06-25 20:38:46','2019-06-25 20:38:46',69,118),(345,'Picante Sauce','2019-06-25 20:38:46','2019-06-25 20:38:46',69,127),(346,'Pickles','2019-06-25 20:38:46','2019-06-25 20:38:46',69,128),(347,'Salsa','2019-06-25 20:38:46','2019-06-25 20:38:46',69,142),(348,'Mayonnaise','2019-06-25 20:38:46','2019-06-25 20:38:46',69,108),(349,'Salad Dressing','2019-06-25 20:38:46','2019-06-25 20:38:46',69,141),(350,'Vinegar','2019-06-25 20:38:46','2019-06-25 20:38:46',69,164),(351,'Canning Supplies','2019-06-25 20:38:46','2019-06-25 20:38:46',69,37),(352,'Hispanic Foods','2019-06-25 20:38:46','2019-06-25 20:38:46',69,86),(353,'Rice','2019-06-25 20:38:46','2019-06-25 20:38:46',70,139),(354,'Beans (Dry)','2019-06-25 20:38:46','2019-06-25 20:38:46',70,20),(355,'Sauce/Gravy Mix','2019-06-25 20:38:46','2019-06-25 20:38:46',70,144),(356,'Pasta (Dry)','2019-06-25 20:38:46','2019-06-25 20:38:46',70,123),(357,'Asian Foods','2019-06-25 20:38:46','2019-06-25 20:38:46',70,5),(358,'Macaroni & Cheese','2019-06-25 20:38:46','2019-06-25 20:38:46',70,105),(359,'Microwaveable Food','2019-06-25 20:38:46','2019-06-25 20:38:46',70,110),(360,'Gravy Mixes','2019-06-25 20:38:46','2019-06-25 20:38:46',71,79),(361,'Kosher Foods','2019-06-25 20:38:46','2019-06-25 20:38:46',71,100),(362,'Soup','2019-06-25 20:38:46','2019-06-25 20:38:46',71,152),(363,'Beans (Canned)','2019-06-25 20:38:46','2019-06-25 20:38:46',71,19),(364,'Canned Chili','2019-06-25 20:38:46','2019-06-25 20:38:46',71,31),(365,'Canned Fish','2019-06-25 20:38:46','2019-06-25 20:38:46',71,32),(366,'Canned Meat','2019-06-25 20:38:46','2019-06-25 20:38:46',71,34),(367,'Pasta (Canned)','2019-06-25 20:38:46','2019-06-25 20:38:46',71,122),(368,'Pimentos','2019-06-25 20:38:46','2019-06-25 20:38:46',71,130),(369,'Boxed Dinners','2019-06-25 20:38:46','2019-06-25 20:38:46',71,25),(370,'Potatoes/Stuffing','2019-06-25 20:38:46','2019-06-25 20:38:46',71,134),(371,'Canned Fruit','2019-06-25 20:38:46','2019-06-25 20:38:46',72,33),(372,'Jell-O','2019-06-25 20:38:46','2019-06-25 20:38:46',72,95),(373,'Marshmallows','2019-06-25 20:38:46','2019-06-25 20:38:46',72,106),(374,'Goya','2019-06-25 20:38:46','2019-06-25 20:38:46',72,78),(375,'Canned Tomato','2019-06-25 20:38:46','2019-06-25 20:38:46',72,35),(376,'Canned Vegetables','2019-06-25 20:38:46','2019-06-25 20:38:46',72,36),(377,'Biscuit Mix','2019-06-25 20:38:46','2019-06-25 20:38:46',72,23),(378,'Foil Bakeware','2019-06-25 20:38:46','2019-06-25 20:38:46',72,72),(379,'Milk (Canned/Powdered)','2019-06-25 20:38:46','2019-06-25 20:38:46',72,111),(380,'Nuts (Baking)','2019-06-25 20:38:46','2019-06-25 20:38:46',72,115),(381,'Oil/Shortening','2019-06-25 20:38:46','2019-06-25 20:38:46',72,117),(382,'Salt','2019-06-25 20:38:46','2019-06-25 20:38:46',72,143),(383,'Fruit Snacks','2019-06-25 20:38:46','2019-06-25 20:38:46',73,75),(384,'Pop Tarts','2019-06-25 20:38:46','2019-06-25 20:38:46',73,132),(385,'Bakeware','2019-06-25 20:38:46','2019-06-25 20:38:46',73,13),(386,'Pie Filling','2019-06-25 20:38:46','2019-06-25 20:38:46',73,129),(387,'Instant Breakfast','2019-06-25 20:38:46','2019-06-25 20:38:46',73,93),(388,'Cake Mixes','2019-06-25 20:38:46','2019-06-25 20:38:46',73,28),(389,'Flour','2019-06-25 20:38:46','2019-06-25 20:38:46',73,71),(390,'Spices','2019-06-25 20:38:46','2019-06-25 20:38:46',73,153),(391,'Sugar','2019-06-25 20:38:46','2019-06-25 20:38:46',73,156),(392,'Toaster Pastries','2019-06-25 20:38:46','2019-06-25 20:38:46',74,159),(393,'Hot Cocoa','2019-06-25 20:38:46','2019-06-25 20:38:46',74,89),(394,'Cereal','2019-06-25 20:38:46','2019-06-25 20:38:46',74,40),(395,'Condiments','2019-06-25 20:38:46','2019-06-25 20:38:46',75,49),(396,'Coffee','2019-06-25 20:38:46','2019-06-25 20:38:46',75,46),(397,'Coffee Creamer','2019-06-25 20:38:46','2019-06-25 20:38:46',75,47),(398,'Coffee Filters','2019-06-25 20:38:46','2019-06-25 20:38:46',75,48),(399,'Tea','2019-06-25 20:38:46','2019-06-25 20:38:46',75,158),(400,'Cereal (Hot)','2019-06-25 20:38:46','2019-06-25 20:38:46',75,41),(401,'Pancake Mix','2019-06-25 20:38:46','2019-06-25 20:38:46',75,119),(402,'Syrup','2019-06-25 20:38:46','2019-06-25 20:38:46',75,157),(403,'Candy','2019-06-25 20:38:46','2019-06-25 20:38:46',76,30),(404,'Juice','2019-06-25 20:38:46','2019-06-25 20:38:46',76,96),(405,'Kool-Aid','2019-06-25 20:38:46','2019-06-25 20:38:46',77,99),(406,'Powdered Drink Mix','2019-06-25 20:38:46','2019-06-25 20:38:46',77,135),(407,'Sports Drinks','2019-06-25 20:38:46','2019-06-25 20:38:46',77,154),(408,'Sodas','2019-06-25 20:38:46','2019-06-25 20:38:46',78,151),(409,'Dried Fruit','2019-06-25 20:38:46','2019-06-25 20:38:46',79,61),(410,'Pastries','2019-06-25 20:38:46','2019-06-25 20:38:46',79,124),(411,'Pudding','2019-06-25 20:38:46','2019-06-25 20:38:46',79,136),(412,'Rice Cakes','2019-06-25 20:38:46','2019-06-25 20:38:46',79,140),(413,'Crackers','2019-06-25 20:38:46','2019-06-25 20:38:46',79,54),(414,'Nuts (Snacking)','2019-06-25 20:38:46','2019-06-25 20:38:46',80,116),(415,'Popcorn','2019-06-25 20:38:46','2019-06-25 20:38:46',80,133),(416,'Snacks','2019-06-25 20:38:46','2019-06-25 20:38:46',80,150),(417,'Chips','2019-06-25 20:38:46','2019-06-25 20:38:46',80,43),(418,'Candles','2019-06-25 20:38:46','2019-06-25 20:38:46',80,29),(419,'Religious Candles','2019-06-25 20:38:46','2019-06-25 20:38:46',80,138),(420,'Closet Items','2019-06-25 20:38:46','2019-06-25 20:38:46',81,45),(421,'Bleach','2019-06-25 20:38:46','2019-06-25 20:38:46',81,24),(422,'Fabric Softener','2019-06-25 20:38:46','2019-06-25 20:38:46',81,65),(423,'Laundry Detergent','2019-06-25 20:38:46','2019-06-25 20:38:46',81,101),(424,'Starch','2019-06-25 20:38:46','2019-06-25 20:38:46',81,155),(425,'Facial Tissue','2019-06-25 20:38:47','2019-06-25 20:38:47',82,67),(426,'Facial Tissue','2019-06-25 20:38:47','2019-06-25 20:38:47',82,68),(427,'Food Wrap/Containers','2019-06-25 20:38:47','2019-06-25 20:38:47',82,73),(428,'Air Freshener','2019-06-25 20:38:47','2019-06-25 20:38:47',82,2),(429,'Brooms/Mops','2019-06-25 20:38:47','2019-06-25 20:38:47',82,27),(430,'Cleaners/Cleansers','2019-06-25 20:38:47','2019-06-25 20:38:47',82,44),(431,'Dish Soap','2019-06-25 20:38:47','2019-06-25 20:38:47',82,59),(432,'Floor Wax','2019-06-25 20:38:47','2019-06-25 20:38:47',82,70),(433,'Plates/Cups','2019-06-25 20:38:47','2019-06-25 20:38:47',83,131),(434,'Bath Tissue','2019-06-25 20:38:47','2019-06-25 20:38:47',84,17),(435,'Paper Towels','2019-06-25 20:38:47','2019-06-25 20:38:47',84,120),(436,'Aluminum Foil','2019-06-25 20:38:47','2019-06-25 20:38:47',84,3),(437,'Trash Bags','2019-06-25 20:38:47','2019-06-25 20:38:47',85,163),(438,'Bags/Wrap','2019-06-25 20:38:47','2019-06-25 20:38:47',85,12),(439,'Toothpicks','2019-06-25 20:38:47','2019-06-25 20:38:47',85,160),(440,'Napkins','2019-06-25 20:38:47','2019-06-25 20:38:47',85,113),(441,'Dog Food','2019-06-25 20:38:47','2019-06-25 20:38:47',86,60),(442,'Birdseed','2019-06-25 20:38:47','2019-06-25 20:38:47',87,22),(443,'Pet Supplies','2019-06-25 20:38:47','2019-06-25 20:38:47',87,126),(444,'Cat Food','2019-06-25 20:38:47','2019-06-25 20:38:47',88,38),(445,'Cat Litter','2019-06-25 20:38:47','2019-06-25 20:38:47',88,39),(446,'A/C Filters','2019-06-25 20:38:47','2019-06-25 20:38:47',89,1),(447,'Auto Supplies','2019-06-25 20:38:47','2019-06-25 20:38:47',89,6),(448,'Electrical/Lighting','2019-06-25 20:38:47','2019-06-25 20:38:47',89,63),(449,'Hardware','2019-06-25 20:38:47','2019-06-25 20:38:47',89,85),(450,'Light Bulbs','2019-06-25 20:38:47','2019-06-25 20:38:47',89,103),(451,'Insecticides','2019-06-25 20:38:47','2019-06-25 20:38:47',90,92),(452,'Matches','2019-06-25 20:38:47','2019-06-25 20:38:47',91,107),(453,'Charcoal','2019-06-25 20:38:47','2019-06-25 20:38:47',92,42),(454,'Grilling','2019-06-25 20:38:47','2019-06-25 20:38:47',92,81),(455,'Baby Wipes','2019-06-25 20:38:47','2019-06-25 20:38:47',93,11),(456,'Diapers','2019-06-25 20:38:47','2019-06-25 20:38:47',93,57),(457,'Baby Accessories','2019-06-25 20:38:47','2019-06-25 20:38:47',93,7),(458,'Men’s Toiletries','2019-06-25 20:38:47','2019-06-25 20:38:47',93,109),(459,'Baby Medication','2019-06-25 20:38:47','2019-06-25 20:38:47',94,10),(460,'Baby Food','2019-06-25 20:38:47','2019-06-25 20:38:47',94,8),(461,'Baby Formula','2019-06-25 20:38:47','2019-06-25 20:38:47',94,9),(462,'Shoe Care','2019-06-25 20:38:47','2019-06-25 20:38:47',94,148),(463,'Cosmetics','2019-06-25 20:38:47','2019-06-25 20:38:47',95,51),(464,'Cough/Cold','2019-06-25 20:38:47','2019-06-25 20:38:47',95,53),(465,'Hair Care','2019-06-25 20:38:47','2019-06-25 20:38:47',95,83),(466,'Hair Color','2019-06-25 20:38:47','2019-06-25 20:38:47',95,84),(467,'Band-Aids','2019-06-25 20:38:47','2019-06-25 20:38:47',96,14),(468,'Q-Tips','2019-06-25 20:38:47','2019-06-25 20:38:47',96,137),(469,'Cotton Balls','2019-06-25 20:38:47','2019-06-25 20:38:47',96,52),(470,'Hair Accessories','2019-06-25 20:38:47','2019-06-25 20:38:47',96,82),(471,'Skin Care','2019-06-25 20:38:47','2019-06-25 20:38:47',97,104),(472,'Lotion/Cream','2019-06-25 20:38:47','2019-06-25 20:38:47',97,149),(473,'Deodorant','2019-06-25 20:38:47','2019-06-25 20:38:47',97,56),(474,'Facial Care','2019-06-25 20:38:47','2019-06-25 20:38:47',97,16),(475,'Bath Soap','2019-06-25 20:38:47','2019-06-25 20:38:47',97,66),(476,'Dental/Oral Care','2019-06-25 20:38:47','2019-06-25 20:38:47',98,55),(477,'Seasonal Items','2019-06-25 20:38:47','2019-06-25 20:38:47',99,146),(478,'Foot Care','2019-06-25 20:38:47','2019-06-25 20:38:47',99,74),(479,'Sewing Needs','2019-06-25 20:38:47','2019-06-25 20:38:47',99,147),(480,'Hosiery','2019-06-25 20:38:47','2019-06-25 20:38:47',99,88),(481,'Incontinence','2019-06-25 20:38:47','2019-06-25 20:38:47',99,91),(482,'Laxatives','2019-06-25 20:38:47','2019-06-25 20:38:47',100,102),(483,'Nutritional Aids/Bars','2019-06-25 20:38:47','2019-06-25 20:38:47',101,114),(484,'Diet Aids','2019-06-25 20:38:47','2019-06-25 20:38:47',101,58),(485,'Eye Care','2019-06-25 20:38:47','2019-06-25 20:38:47',101,64),(486,'First Aid','2019-06-25 20:38:47','2019-06-25 20:38:47',101,69),(487,'Vitamins','2019-06-25 20:38:47','2019-06-25 20:38:47',102,165),(488,'Batteries','2019-06-25 20:38:47','2019-06-25 20:38:47',103,18),(489,'Water','2019-06-25 20:38:47','2019-06-25 20:38:47',104,166),(490,'Greeting Cards','2019-06-25 20:38:47','2019-06-25 20:38:47',105,80),(491,'Party Supplies','2019-06-25 20:38:47','2019-06-25 20:38:47',105,121),(492,'Gift Cards','2019-06-25 20:38:47','2019-06-25 20:38:47',106,76),(493,'Ice','2019-06-25 20:38:47','2019-06-25 20:38:47',106,90),(494,'Appliances','2019-06-25 20:38:47','2019-06-25 20:38:47',107,4),(495,'Kitchen Gadgets','2019-06-25 20:38:47','2019-06-25 20:38:47',107,98),(496,'Glue','2019-06-25 20:38:47','2019-06-25 20:38:47',108,77),(497,'School/Office Supplies','2019-06-25 20:38:47','2019-06-25 20:38:47',108,145),(498,'Toys','2019-06-25 20:38:47','2019-06-25 20:38:47',109,162),(499,'Wine','2019-06-25 20:38:47','2019-06-25 20:38:47',110,167),(500,'Beer','2019-06-25 20:38:47','2019-06-25 20:38:47',110,21),(501,'Drink Mixers','2019-06-25 20:38:47','2019-06-25 20:38:47',110,62),(502,'Wine','2019-06-25 20:38:47','2019-06-25 20:38:47',111,167),(503,'Beer','2019-06-25 20:38:47','2019-06-25 20:38:47',112,21),(504,'Drink Mixers','2019-06-25 20:38:47','2019-06-25 20:38:47',112,62),(505,'Tortillas','2019-06-25 20:38:47','2019-06-25 20:38:47',113,161),(506,'Bread','2019-06-25 20:38:47','2019-06-25 20:38:47',113,26),(507,'Honey','2019-06-25 20:38:47','2019-06-25 20:38:47',113,87),(508,'Jam/Jelly','2019-06-25 20:38:47','2019-06-25 20:38:47',113,94),(509,'Peanut Butter','2019-06-25 20:38:47','2019-06-25 20:38:47',113,125),(510,'Picante Sauce','2019-06-25 20:38:47','2019-06-25 20:38:47',113,127),(511,'Salsa','2019-06-25 20:38:47','2019-06-25 20:38:47',113,142),(512,'Mayonnaise','2019-06-25 20:38:47','2019-06-25 20:38:47',113,108),(513,'Salad Dressing','2019-06-25 20:38:47','2019-06-25 20:38:47',113,141),(514,'Barbecue Sauce','2019-06-25 20:38:47','2019-06-25 20:38:47',114,15),(515,'Ketchup','2019-06-25 20:38:47','2019-06-25 20:38:47',114,97),(516,'Mustard','2019-06-25 20:38:47','2019-06-25 20:38:47',114,112),(517,'Olives','2019-06-25 20:38:47','2019-06-25 20:38:47',114,118),(518,'Pickles','2019-06-25 20:38:47','2019-06-25 20:38:47',114,128),(519,'Vinegar','2019-06-25 20:38:47','2019-06-25 20:38:47',114,164),(520,'Rice','2019-06-25 20:38:47','2019-06-25 20:38:47',114,139),(521,'Beans (Dry)','2019-06-25 20:38:47','2019-06-25 20:38:47',114,20),(522,'Pasta (Dry)','2019-06-25 20:38:47','2019-06-25 20:38:47',114,123),(523,'Asian Foods','2019-06-25 20:38:47','2019-06-25 20:38:47',114,5),(524,'Kosher Foods','2019-06-25 20:38:47','2019-06-25 20:38:47',114,100),(525,'Condiments','2019-06-25 20:38:47','2019-06-25 20:38:47',114,49),(526,'Hispanic Foods','2019-06-25 20:38:47','2019-06-25 20:38:47',115,86),(527,'Macaroni & Cheese','2019-06-25 20:38:47','2019-06-25 20:38:47',115,105),(528,'Microwaveable Food','2019-06-25 20:38:47','2019-06-25 20:38:47',115,110),(529,'Soup','2019-06-25 20:38:47','2019-06-25 20:38:47',115,152),(530,'Beans (Canned)','2019-06-25 20:38:47','2019-06-25 20:38:47',115,19),(531,'Canned Chili','2019-06-25 20:38:47','2019-06-25 20:38:47',115,31),(532,'Canned Fish','2019-06-25 20:38:47','2019-06-25 20:38:47',115,32),(533,'Canned Meat','2019-06-25 20:38:47','2019-06-25 20:38:47',115,34),(534,'Pasta (Canned)','2019-06-25 20:38:47','2019-06-25 20:38:47',115,122),(535,'Pimentos','2019-06-25 20:38:47','2019-06-25 20:38:47',115,130),(536,'Boxed Dinners','2019-06-25 20:38:47','2019-06-25 20:38:47',115,25),(537,'Canned Fruit','2019-06-25 20:38:47','2019-06-25 20:38:47',115,33),(538,'Goya','2019-06-25 20:38:47','2019-06-25 20:38:47',115,78),(539,'Canned Tomato','2019-06-25 20:38:47','2019-06-25 20:38:47',115,35),(540,'Canned Vegetables','2019-06-25 20:38:47','2019-06-25 20:38:47',115,36),(541,'Sauce/Gravy Mix','2019-06-25 20:38:47','2019-06-25 20:38:47',116,144),(542,'Gravy Mixes','2019-06-25 20:38:47','2019-06-25 20:38:47',116,79),(543,'Potatoes/Stuffing','2019-06-25 20:38:47','2019-06-25 20:38:47',116,134),(544,'Jell-O','2019-06-25 20:38:47','2019-06-25 20:38:47',116,95),(545,'Marshmallows','2019-06-25 20:38:47','2019-06-25 20:38:47',116,106),(546,'Biscuit Mix','2019-06-25 20:38:47','2019-06-25 20:38:47',116,23),(547,'Foil Bakeware','2019-06-25 20:38:47','2019-06-25 20:38:47',116,72),(548,'Milk (Canned/Powdered)','2019-06-25 20:38:47','2019-06-25 20:38:47',116,111),(549,'Nuts (Baking)','2019-06-25 20:38:47','2019-06-25 20:38:47',116,115),(550,'Oil/Shortening','2019-06-25 20:38:47','2019-06-25 20:38:47',116,117),(551,'Salt','2019-06-25 20:38:47','2019-06-25 20:38:47',116,143),(552,'Bakeware','2019-06-25 20:38:47','2019-06-25 20:38:47',116,13),(553,'Pie Filling','2019-06-25 20:38:47','2019-06-25 20:38:47',116,129),(554,'Cake Mixes','2019-06-25 20:38:47','2019-06-25 20:38:47',116,28),(555,'Flour','2019-06-25 20:38:47','2019-06-25 20:38:47',116,71),(556,'Spices','2019-06-25 20:38:47','2019-06-25 20:38:47',116,153),(557,'Sugar','2019-06-25 20:38:47','2019-06-25 20:38:47',116,156),(558,'Pudding','2019-06-25 20:38:47','2019-06-25 20:38:47',116,136),(559,'Instant Breakfast','2019-06-25 20:38:47','2019-06-25 20:38:47',117,93),(560,'Coffee Creamer','2019-06-25 20:38:47','2019-06-25 20:38:47',117,47),(561,'Coffee Filters','2019-06-25 20:38:47','2019-06-25 20:38:47',117,48),(562,'Cereal (Hot)','2019-06-25 20:38:47','2019-06-25 20:38:47',117,41),(563,'Pancake Mix','2019-06-25 20:38:47','2019-06-25 20:38:47',117,119),(564,'Syrup','2019-06-25 20:38:47','2019-06-25 20:38:47',117,157),(565,'Charcoal','2019-06-25 20:38:47','2019-06-25 20:38:47',117,42),(566,'Cookies','2019-06-25 20:38:47','2019-06-25 20:38:47',118,50),(567,'Fruit Snacks','2019-06-25 20:38:47','2019-06-25 20:38:47',118,75),(568,'Pop Tarts','2019-06-25 20:38:47','2019-06-25 20:38:47',118,132),(569,'Toaster Pastries','2019-06-25 20:38:47','2019-06-25 20:38:47',118,159),(570,'Dried Fruit','2019-06-25 20:38:47','2019-06-25 20:38:47',118,61),(571,'Pastries','2019-06-25 20:38:47','2019-06-25 20:38:47',118,124),(572,'Crackers','2019-06-25 20:38:47','2019-06-25 20:38:47',118,54),(573,'Rice Cakes','2019-06-25 20:38:47','2019-06-25 20:38:47',119,140),(574,'Nuts (Snacking)','2019-06-25 20:38:47','2019-06-25 20:38:47',119,116),(575,'Popcorn','2019-06-25 20:38:47','2019-06-25 20:38:47',119,133),(576,'Snacks','2019-06-25 20:38:47','2019-06-25 20:38:47',119,150),(577,'Cleaners/Cleansers','2019-06-25 20:38:47','2019-06-25 20:38:47',119,44),(578,'Candy','2019-06-25 20:38:47','2019-06-25 20:38:47',120,30),(579,'Juice','2019-06-25 20:38:47','2019-06-25 20:38:47',120,96),(580,'Hot Cocoa','2019-06-25 20:38:47','2019-06-25 20:38:47',121,89),(581,'Tea','2019-06-25 20:38:47','2019-06-25 20:38:47',121,158),(582,'Kool-Aid','2019-06-25 20:38:47','2019-06-25 20:38:47',121,99),(583,'Powdered Drink Mix','2019-06-25 20:38:47','2019-06-25 20:38:47',121,135),(584,'Sports Drinks','2019-06-25 20:38:47','2019-06-25 20:38:47',121,154),(585,'Sodas','2019-06-25 20:38:47','2019-06-25 20:38:47',122,151),(586,'Water','2019-06-25 20:38:47','2019-06-25 20:38:47',122,166),(589,'Toothpicks','2019-06-25 20:38:47','2019-06-25 20:38:47',123,160),(590,'Cereal','2019-06-25 20:38:47','2019-06-25 20:38:47',124,40),(591,'Glue','2019-06-25 20:38:47','2019-06-25 20:38:47',125,77),(592,'School/Office Supplies','2019-06-25 20:38:47','2019-06-25 20:38:47',125,145),(593,'Batteries','2019-06-25 20:38:47','2019-06-25 20:38:47',126,18),(594,'Toys','2019-06-25 20:38:47','2019-06-25 20:38:47',126,162),(595,'Bath Tissue','2019-06-25 20:38:47','2019-06-25 20:38:47',127,17),(596,'Paper Towels','2019-06-25 20:38:47','2019-06-25 20:38:47',127,120),(597,'Food Wrap/Containers','2019-06-25 20:38:47','2019-06-25 20:38:47',128,73),(598,'Plates/Cups','2019-06-25 20:38:47','2019-06-25 20:38:47',128,131),(599,'Aluminum Foil','2019-06-25 20:38:47','2019-06-25 20:38:47',128,3),(600,'Trash Bags','2019-06-25 20:38:47','2019-06-25 20:38:47',128,163),(601,'Bags/Wrap','2019-06-25 20:38:47','2019-06-25 20:38:47',128,12),(602,'Chips','2019-06-25 20:38:47','2019-06-25 20:38:47',129,43),(603,'Insecticides','2019-06-25 20:38:47','2019-06-25 20:38:47',129,92),(604,'Matches','2019-06-25 20:38:47','2019-06-25 20:38:47',129,107),(605,'Grilling','2019-06-25 20:38:47','2019-06-25 20:38:47',129,81),(606,'Seasonal Items','2019-06-25 20:38:47','2019-06-25 20:38:47',129,146),(607,'Brooms/Mops','2019-06-25 20:38:47','2019-06-25 20:38:47',130,27),(608,'Floor Wax','2019-06-25 20:38:47','2019-06-25 20:38:47',130,70),(609,'Auto Supplies','2019-06-25 20:38:47','2019-06-25 20:38:47',130,6),(610,'Electrical/Lighting','2019-06-25 20:38:47','2019-06-25 20:38:47',130,63),(611,'Light Bulbs','2019-06-25 20:38:47','2019-06-25 20:38:47',130,103),(612,'Candles','2019-06-25 20:38:47','2019-06-25 20:38:47',131,29),(613,'Religious Candles','2019-06-25 20:38:47','2019-06-25 20:38:47',131,138),(614,'Closet Items','2019-06-25 20:38:47','2019-06-25 20:38:47',131,45),(615,'Air Freshener','2019-06-25 20:38:47','2019-06-25 20:38:47',131,2),(616,'Dish Soap','2019-06-25 20:38:47','2019-06-25 20:38:47',131,59),(617,'Hardware','2019-06-25 20:38:47','2019-06-25 20:38:47',131,85),(618,'Coffee','2019-06-25 20:38:47','2019-06-25 20:38:47',132,46),(619,'Bleach','2019-06-25 20:38:47','2019-06-25 20:38:47',132,24),(620,'Fabric Softener','2019-06-25 20:38:47','2019-06-25 20:38:47',132,65),(621,'Laundry Detergent','2019-06-25 20:38:47','2019-06-25 20:38:47',132,101),(622,'Starch','2019-06-25 20:38:47','2019-06-25 20:38:47',132,155),(623,'Dog Food','2019-06-25 20:38:47','2019-06-25 20:38:47',133,60),(624,'Birdseed','2019-06-25 20:38:47','2019-06-25 20:38:47',134,22),(625,'Pet Supplies','2019-06-25 20:38:47','2019-06-25 20:38:47',135,126),(626,'Cat Food','2019-06-25 20:38:47','2019-06-25 20:38:47',135,38),(627,'Cat Litter','2019-06-25 20:38:47','2019-06-25 20:38:47',135,39),(628,'Baby Wipes','2019-06-25 20:38:47','2019-06-25 20:38:47',136,11),(629,'Diapers','2019-06-25 20:38:47','2019-06-25 20:38:47',136,57),(630,'Baby Medication','2019-06-25 20:38:47','2019-06-25 20:38:47',136,10),(631,'Baby Accessories','2019-06-25 20:38:47','2019-06-25 20:38:47',137,7),(632,'Baby Food','2019-06-25 20:38:47','2019-06-25 20:38:47',137,8),(633,'Baby Formula','2019-06-25 20:38:47','2019-06-25 20:38:47',137,9),(634,'Hair Care','2019-06-25 20:38:47','2019-06-25 20:38:47',138,83),(635,'Hair Color','2019-06-25 20:38:47','2019-06-25 20:38:47',138,84),(636,'Hair Accessories','2019-06-25 20:38:47','2019-06-25 20:38:47',138,82),(637,'Cosmetics','2019-06-25 20:38:47','2019-06-25 20:38:47',139,51),(638,'Cotton Balls','2019-06-25 20:38:47','2019-06-25 20:38:47',139,52),(639,'Skin Care','2019-06-25 20:38:47','2019-06-25 20:38:47',140,104),(640,'Lotion/Cream','2019-06-25 20:38:47','2019-06-25 20:38:47',140,149),(641,'Deodorant','2019-06-25 20:38:47','2019-06-25 20:38:47',140,56),(642,'Facial Care','2019-06-25 20:38:47','2019-06-25 20:38:47',140,16),(643,'Bath Soap','2019-06-25 20:38:47','2019-06-25 20:38:47',140,66),(644,'Incontinence','2019-06-25 20:38:47','2019-06-25 20:38:47',140,91),(645,'Men’s Toiletries','2019-06-25 20:38:47','2019-06-25 20:38:47',141,109),(646,'Dental/Oral Care','2019-06-25 20:38:47','2019-06-25 20:38:47',142,55),(647,'Diet Aids','2019-06-25 20:38:47','2019-06-25 20:38:47',143,58),(648,'Vitamins','2019-06-25 20:38:47','2019-06-25 20:38:47',143,165),(649,'Shoe Care','2019-06-25 20:38:47','2019-06-25 20:38:47',144,148),(650,'Band-Aids','2019-06-25 20:38:47','2019-06-25 20:38:47',144,14),(651,'Q-Tips','2019-06-25 20:38:47','2019-06-25 20:38:47',144,137),(652,'Foot Care','2019-06-25 20:38:47','2019-06-25 20:38:47',144,74),(653,'Sewing Needs','2019-06-25 20:38:47','2019-06-25 20:38:47',144,147),(654,'Hosiery','2019-06-25 20:38:47','2019-06-25 20:38:47',144,88),(655,'Eye Care','2019-06-25 20:38:47','2019-06-25 20:38:47',144,64),(656,'First Aid','2019-06-25 20:38:47','2019-06-25 20:38:47',144,69),(657,'Cough/Cold','2019-06-25 20:38:47','2019-06-25 20:38:47',145,53),(658,'Laxatives','2019-06-25 20:38:47','2019-06-25 20:38:47',145,102),(659,'Nutritional Aids/Bars','2019-06-25 20:38:47','2019-06-25 20:38:47',145,114),(660,'Gift Cards','2019-06-25 20:38:47','2019-06-25 20:38:47',146,76),(661,'Ice','2019-06-25 20:38:47','2019-06-25 20:38:47',146,90),(662,'Canning Supplies','2019-06-25 20:38:47','2019-06-25 20:38:47',147,37),(663,'Appliances','2019-06-25 20:38:47','2019-06-25 20:38:47',147,4),(664,'Kitchen Gadgets','2019-06-25 20:38:47','2019-06-25 20:38:47',147,98),(665,'Facial Tissue','2019-06-25 20:38:47','2019-06-25 20:38:47',148,67),(666,'Facial Tissue','2019-06-25 20:38:47','2019-06-25 20:38:47',148,68),(667,'Napkins','2019-06-25 20:38:47','2019-06-25 20:38:47',148,113),(668,'A/C Filters','2019-06-25 20:38:47','2019-06-25 20:38:47',148,1);
/*!40000 ALTER TABLE `item` ENABLE KEYS */;
UNLOCK TABLES;

--
-- Table structure for table `item_name`
--

DROP TABLE IF EXISTS `item_name`;
/*!40101 SET @saved_cs_client     = @@character_set_client */;
 SET character_set_client = utf8mb4 ;
CREATE TABLE `item_name` (
  `id` int(11) NOT NULL AUTO_INCREMENT,
  `name` varchar(30) NOT NULL,
  `createdAt` datetime NOT NULL DEFAULT CURRENT_TIMESTAMP,
  `updatedAt` datetime NOT NULL DEFAULT CURRENT_TIMESTAMP,
  PRIMARY KEY (`id`)
) ENGINE=InnoDB AUTO_INCREMENT=168 DEFAULT CHARSET=latin1;
/*!40101 SET character_set_client = @saved_cs_client */;

--
-- Dumping data for table `item_name`
--

LOCK TABLES `item_name` WRITE;
/*!40000 ALTER TABLE `item_name` DISABLE KEYS */;
INSERT INTO `item_name` VALUES (1,'A/C Filters','2019-06-25 20:38:01','2019-06-25 20:38:01'),(2,'Air Freshener','2019-06-25 20:38:01','2019-06-25 20:38:01'),(3,'Aluminum Foil','2019-06-25 20:38:01','2019-06-25 20:38:01'),(4,'Appliances','2019-06-25 20:38:01','2019-06-25 20:38:01'),(5,'Asian Foods','2019-06-25 20:38:01','2019-06-25 20:38:01'),(6,'Auto Supplies','2019-06-25 20:38:01','2019-06-25 20:38:01'),(7,'Baby Accessories','2019-06-25 20:38:01','2019-06-25 20:38:01'),(8,'Baby Food','2019-06-25 20:38:01','2019-06-25 20:38:01'),(9,'Baby Formula','2019-06-25 20:38:01','2019-06-25 20:38:01'),(10,'Baby Medication','2019-06-25 20:38:01','2019-06-25 20:38:01'),(11,'Baby Wipes','2019-06-25 20:38:01','2019-06-25 20:38:01'),(12,'Bags/Wrap','2019-06-25 20:38:01','2019-06-25 20:38:01'),(13,'Bakeware','2019-06-25 20:38:01','2019-06-25 20:38:01'),(14,'Band-Aids','2019-06-25 20:38:01','2019-06-25 20:38:01'),(15,'Barbecue Sauce','2019-06-25 20:38:01','2019-06-25 20:38:01'),(16,'Bath Soap','2019-06-25 20:38:01','2019-06-25 20:38:01'),(17,'Bath Tissue','2019-06-25 20:38:01','2019-06-25 20:38:01'),(18,'Batteries','2019-06-25 20:38:01','2019-06-25 20:38:01'),(19,'Beans (Canned)','2019-06-25 20:38:01','2019-06-25 20:38:01'),(20,'Beans (Dry)','2019-06-25 20:38:01','2019-06-25 20:38:01'),(21,'Beer','2019-06-25 20:38:01','2019-06-25 20:38:01'),(22,'Birdseed','2019-06-25 20:38:01','2019-06-25 20:38:01'),(23,'Biscuit Mix','2019-06-25 20:38:01','2019-06-25 20:38:01'),(24,'Bleach','2019-06-25 20:38:01','2019-06-25 20:38:01'),(25,'Boxed Dinners','2019-06-25 20:38:01','2019-06-25 20:38:01'),(26,'Bread','2019-06-25 20:38:01','2019-06-25 20:38:01'),(27,'Brooms/Mops','2019-06-25 20:38:01','2019-06-25 20:38:01'),(28,'Cake Mixes','2019-06-25 20:38:01','2019-06-25 20:38:01'),(29,'Candles','2019-06-25 20:38:01','2019-06-25 20:38:01'),(30,'Candy','2019-06-25 20:38:01','2019-06-25 20:38:01'),(31,'Canned Chili','2019-06-25 20:38:01','2019-06-25 20:38:01'),(32,'Canned Fish','2019-06-25 20:38:01','2019-06-25 20:38:01'),(33,'Canned Fruit','2019-06-25 20:38:01','2019-06-25 20:38:01'),(34,'Canned Meat','2019-06-25 20:38:01','2019-06-25 20:38:01'),(35,'Canned Tomato','2019-06-25 20:38:01','2019-06-25 20:38:01'),(36,'Canned Vegetables','2019-06-25 20:38:01','2019-06-25 20:38:01'),(37,'Canning Supplies','2019-06-25 20:38:01','2019-06-25 20:38:01'),(38,'Cat Food','2019-06-25 20:38:01','2019-06-25 20:38:01'),(39,'Cat Litter','2019-06-25 20:38:01','2019-06-25 20:38:01'),(40,'Cereal','2019-06-25 20:38:01','2019-06-25 20:38:01'),(41,'Cereal (Hot)','2019-06-25 20:38:01','2019-06-25 20:38:01'),(42,'Charcoal','2019-06-25 20:38:01','2019-06-25 20:38:01'),(43,'Chips','2019-06-25 20:38:01','2019-06-25 20:38:01'),(44,'Cleaners/Cleansers','2019-06-25 20:38:01','2019-06-25 20:38:01'),(45,'Closet Items','2019-06-25 20:38:01','2019-06-25 20:38:01'),(46,'Coffee','2019-06-25 20:38:01','2019-06-25 20:38:01'),(47,'Coffee Creamer','2019-06-25 20:38:01','2019-06-25 20:38:01'),(48,'Coffee Filters','2019-06-25 20:38:01','2019-06-25 20:38:01'),(49,'Condiments','2019-06-25 20:38:01','2019-06-25 20:38:01'),(50,'Cookies','2019-06-25 20:38:01','2019-06-25 20:38:01'),(51,'Cosmetics','2019-06-25 20:38:01','2019-06-25 20:38:01'),(52,'Cotton Balls','2019-06-25 20:38:01','2019-06-25 20:38:01'),(53,'Cough/Cold','2019-06-25 20:38:01','2019-06-25 20:38:01'),(54,'Crackers','2019-06-25 20:38:01','2019-06-25 20:38:01'),(55,'Dental/Oral Care','2019-06-25 20:38:01','2019-06-25 20:38:01'),(56,'Deodorant','2019-06-25 20:38:01','2019-06-25 20:38:01'),(57,'Diapers','2019-06-25 20:38:01','2019-06-25 20:38:01'),(58,'Diet Aids','2019-06-25 20:38:01','2019-06-25 20:38:01'),(59,'Dish Soap','2019-06-25 20:38:01','2019-06-25 20:38:01'),(60,'Dog Food','2019-06-25 20:38:01','2019-06-25 20:38:01'),(61,'Dried Fruit','2019-06-25 20:38:01','2019-06-25 20:38:01'),(62,'Drink Mixers','2019-06-25 20:38:01','2019-06-25 20:38:01'),(63,'Electrical/Lighting','2019-06-25 20:38:01','2019-06-25 20:38:01'),(64,'Eye Care','2019-06-25 20:38:01','2019-06-25 20:38:01'),(65,'Fabric Softener','2019-06-25 20:38:01','2019-06-25 20:38:01'),(66,'Facial Care','2019-06-25 20:38:01','2019-06-25 20:38:01'),(67,'Facial Tissue','2019-06-25 20:38:01','2019-06-25 20:38:01'),(68,'Facial Tissue','2019-06-25 20:38:01','2019-06-25 20:38:01'),(69,'First Aid','2019-06-25 20:38:01','2019-06-25 20:38:01'),(70,'Floor Wax','2019-06-25 20:38:01','2019-06-25 20:38:01'),(71,'Flour','2019-06-25 20:38:01','2019-06-25 20:38:01'),(72,'Foil Bakeware','2019-06-25 20:38:01','2019-06-25 20:38:01'),(73,'Food Wrap/Containers','2019-06-25 20:38:01','2019-06-25 20:38:01'),(74,'Foot Care','2019-06-25 20:38:01','2019-06-25 20:38:01'),(75,'Fruit Snacks','2019-06-25 20:38:01','2019-06-25 20:38:01'),(76,'Gift Cards','2019-06-25 20:38:01','2019-06-25 20:38:01'),(77,'Glue','2019-06-25 20:38:01','2019-06-25 20:38:01'),(78,'Goya','2019-06-25 20:38:01','2019-06-25 20:38:01'),(79,'Gravy Mixes','2019-06-25 20:38:01','2019-06-25 20:38:01'),(80,'Greeting Cards','2019-06-25 20:38:01','2019-06-25 20:38:01'),(81,'Grilling','2019-06-25 20:38:01','2019-06-25 20:38:01'),(82,'Hair Accessories','2019-06-25 20:38:01','2019-06-25 20:38:01'),(83,'Hair Care','2019-06-25 20:38:01','2019-06-25 20:38:01'),(84,'Hair Color','2019-06-25 20:38:01','2019-06-25 20:38:01'),(85,'Hardware','2019-06-25 20:38:01','2019-06-25 20:38:01'),(86,'Hispanic Foods','2019-06-25 20:38:01','2019-06-25 20:38:01'),(87,'Honey','2019-06-25 20:38:01','2019-06-25 20:38:01'),(88,'Hosiery','2019-06-25 20:38:01','2019-06-25 20:38:01'),(89,'Hot Cocoa','2019-06-25 20:38:01','2019-06-25 20:38:01'),(90,'Ice','2019-06-25 20:38:01','2019-06-25 20:38:01'),(91,'Incontinence','2019-06-25 20:38:01','2019-06-25 20:38:01'),(92,'Insecticides','2019-06-25 20:38:01','2019-06-25 20:38:01'),(93,'Instant Breakfast','2019-06-25 20:38:01','2019-06-25 20:38:01'),(94,'Jam/Jelly','2019-06-25 20:38:01','2019-06-25 20:38:01'),(95,'Jell-O','2019-06-25 20:38:01','2019-06-25 20:38:01'),(96,'Juice','2019-06-25 20:38:01','2019-06-25 20:38:01'),(97,'Ketchup','2019-06-25 20:38:01','2019-06-25 20:38:01'),(98,'Kitchen Gadgets','2019-06-25 20:38:01','2019-06-25 20:38:01'),(99,'Kool-Aid','2019-06-25 20:38:01','2019-06-25 20:38:01'),(100,'Kosher Foods','2019-06-25 20:38:01','2019-06-25 20:38:01'),(101,'Laundry Detergent','2019-06-25 20:38:01','2019-06-25 20:38:01'),(102,'Laxatives','2019-06-25 20:38:01','2019-06-25 20:38:01'),(103,'Light Bulbs','2019-06-25 20:38:01','2019-06-25 20:38:01'),(104,'Lotion/Cream','2019-06-25 20:38:01','2019-06-25 20:38:01'),(105,'Macaroni & Cheese','2019-06-25 20:38:01','2019-06-25 20:38:01'),(106,'Marshmallows','2019-06-25 20:38:01','2019-06-25 20:38:01'),(107,'Matches','2019-06-25 20:38:01','2019-06-25 20:38:01'),(108,'Mayonnaise','2019-06-25 20:38:01','2019-06-25 20:38:01'),(109,'Men’s Toiletries','2019-06-25 20:38:01','2019-06-25 20:38:01'),(110,'Microwaveable Food','2019-06-25 20:38:01','2019-06-25 20:38:01'),(111,'Milk (Canned/Powdered)','2019-06-25 20:38:01','2019-06-25 20:38:01'),(112,'Mustard','2019-06-25 20:38:01','2019-06-25 20:38:01'),(113,'Napkins','2019-06-25 20:38:01','2019-06-25 20:38:01'),(114,'Nutritional Aids/Bars','2019-06-25 20:38:01','2019-06-25 20:38:01'),(115,'Nuts (Baking)','2019-06-25 20:38:01','2019-06-25 20:38:01'),(116,'Nuts (Snacking)','2019-06-25 20:38:01','2019-06-25 20:38:01'),(117,'Oil/Shortening','2019-06-25 20:38:01','2019-06-25 20:38:01'),(118,'Olives','2019-06-25 20:38:01','2019-06-25 20:38:01'),(119,'Pancake Mix','2019-06-25 20:38:01','2019-06-25 20:38:01'),(120,'Paper Towels','2019-06-25 20:38:01','2019-06-25 20:38:01'),(121,'Party Supplies','2019-06-25 20:38:01','2019-06-25 20:38:01'),(122,'Pasta (Canned)','2019-06-25 20:38:01','2019-06-25 20:38:01'),(123,'Pasta (Dry)','2019-06-25 20:38:01','2019-06-25 20:38:01'),(124,'Pastries','2019-06-25 20:38:01','2019-06-25 20:38:01'),(125,'Peanut Butter','2019-06-25 20:38:01','2019-06-25 20:38:01'),(126,'Pet Supplies','2019-06-25 20:38:01','2019-06-25 20:38:01'),(127,'Picante Sauce','2019-06-25 20:38:01','2019-06-25 20:38:01'),(128,'Pickles','2019-06-25 20:38:01','2019-06-25 20:38:01'),(129,'Pie Filling','2019-06-25 20:38:01','2019-06-25 20:38:01'),(130,'Pimentos','2019-06-25 20:38:01','2019-06-25 20:38:01'),(131,'Plates/Cups','2019-06-25 20:38:01','2019-06-25 20:38:01'),(132,'Pop Tarts','2019-06-25 20:38:01','2019-06-25 20:38:01'),(133,'Popcorn','2019-06-25 20:38:01','2019-06-25 20:38:01'),(134,'Potatoes/Stuffing','2019-06-25 20:38:01','2019-06-25 20:38:01'),(135,'Powdered Drink Mix','2019-06-25 20:38:01','2019-06-25 20:38:01'),(136,'Pudding','2019-06-25 20:38:01','2019-06-25 20:38:01'),(137,'Q-Tips','2019-06-25 20:38:01','2019-06-25 20:38:01'),(138,'Religious Candles','2019-06-25 20:38:01','2019-06-25 20:38:01'),(139,'Rice','2019-06-25 20:38:01','2019-06-25 20:38:01'),(140,'Rice Cakes','2019-06-25 20:38:01','2019-06-25 20:38:01'),(141,'Salad Dressing','2019-06-25 20:38:01','2019-06-25 20:38:01'),(142,'Salsa','2019-06-25 20:38:01','2019-06-25 20:38:01'),(143,'Salt','2019-06-25 20:38:01','2019-06-25 20:38:01'),(144,'Sauce/Gravy Mix','2019-06-25 20:38:01','2019-06-25 20:38:01'),(145,'School/Office Supplies','2019-06-25 20:38:01','2019-06-25 20:38:01'),(146,'Seasonal Items','2019-06-25 20:38:01','2019-06-25 20:38:01'),(147,'Sewing Needs','2019-06-25 20:38:01','2019-06-25 20:38:01'),(148,'Shoe Care','2019-06-25 20:38:01','2019-06-25 20:38:01'),(149,'Skin Care','2019-06-25 20:38:01','2019-06-25 20:38:01'),(150,'Snacks','2019-06-25 20:38:01','2019-06-25 20:38:01'),(151,'Sodas','2019-06-25 20:38:01','2019-06-25 20:38:01'),(152,'Soup','2019-06-25 20:38:01','2019-06-25 20:38:01'),(153,'Spices','2019-06-25 20:38:01','2019-06-25 20:38:01'),(154,'Sports Drinks','2019-06-25 20:38:01','2019-06-25 20:38:01'),(155,'Starch','2019-06-25 20:38:01','2019-06-25 20:38:01'),(156,'Sugar','2019-06-25 20:38:01','2019-06-25 20:38:01'),(157,'Syrup','2019-06-25 20:38:01','2019-06-25 20:38:01'),(158,'Tea','2019-06-25 20:38:01','2019-06-25 20:38:01'),(159,'Toaster Pastries','2019-06-25 20:38:01','2019-06-25 20:38:01'),(160,'Toothpicks','2019-06-25 20:38:01','2019-06-25 20:38:01'),(161,'Tortillas','2019-06-25 20:38:01','2019-06-25 20:38:01'),(162,'Toys','2019-06-25 20:38:01','2019-06-25 20:38:01'),(163,'Trash Bags','2019-06-25 20:38:01','2019-06-25 20:38:01'),(164,'Vinegar','2019-06-25 20:38:01','2019-06-25 20:38:01'),(165,'Vitamins','2019-06-25 20:38:01','2019-06-25 20:38:01'),(166,'Water','2019-06-25 20:38:01','2019-06-25 20:38:01'),(167,'Wine','2019-06-25 20:38:01','2019-06-25 20:38:01');
/*!40000 ALTER TABLE `item_name` ENABLE KEYS */;
UNLOCK TABLES;

--
-- Table structure for table `list`
--

DROP TABLE IF EXISTS `list`;
/*!40101 SET @saved_cs_client     = @@character_set_client */;
 SET character_set_client = utf8mb4 ;
CREATE TABLE `list` (
  `id` int(11) NOT NULL AUTO_INCREMENT,
  `deleted` int(4) DEFAULT '0',
  `createdAt` datetime NOT NULL DEFAULT CURRENT_TIMESTAMP,
  `updatedAt` datetime NOT NULL DEFAULT CURRENT_TIMESTAMP,
  `userId` int(11) DEFAULT NULL,
  `storeId` int(11) DEFAULT NULL,
  PRIMARY KEY (`id`),
  KEY `userId` (`userId`),
  KEY `storeId` (`storeId`),
  CONSTRAINT `list_ibfk_1` FOREIGN KEY (`userId`) REFERENCES `user` (`id`) ON DELETE SET NULL ON UPDATE CASCADE,
  CONSTRAINT `list_ibfk_2` FOREIGN KEY (`storeId`) REFERENCES `store` (`id`) ON DELETE SET NULL ON UPDATE CASCADE
) ENGINE=InnoDB AUTO_INCREMENT=2 DEFAULT CHARSET=latin1;
/*!40101 SET character_set_client = @saved_cs_client */;

--
-- Dumping data for table `list`
--

LOCK TABLES `list` WRITE;
/*!40000 ALTER TABLE `list` DISABLE KEYS */;
INSERT INTO `list` VALUES (1,0,'2019-06-25 20:42:01','2019-06-25 20:42:01',2,1);
/*!40000 ALTER TABLE `list` ENABLE KEYS */;
UNLOCK TABLES;

--
-- Table structure for table `list_item`
--

DROP TABLE IF EXISTS `list_item`;
/*!40101 SET @saved_cs_client     = @@character_set_client */;
 SET character_set_client = utf8mb4 ;
CREATE TABLE `list_item` (
  `id` int(11) NOT NULL AUTO_INCREMENT,
  `deleted` int(4) DEFAULT '0',
  `createdAt` datetime NOT NULL DEFAULT CURRENT_TIMESTAMP,
  `updatedAt` datetime NOT NULL DEFAULT CURRENT_TIMESTAMP,
  `itemNameId` int(11) DEFAULT NULL,
  `listId` int(11) DEFAULT NULL,
  PRIMARY KEY (`id`),
  KEY `itemNameId` (`itemNameId`),
  KEY `listId` (`listId`),
  CONSTRAINT `list_item_ibfk_1` FOREIGN KEY (`itemNameId`) REFERENCES `item_name` (`id`) ON DELETE SET NULL ON UPDATE CASCADE,
  CONSTRAINT `list_item_ibfk_2` FOREIGN KEY (`listId`) REFERENCES `list` (`id`) ON DELETE SET NULL ON UPDATE CASCADE
) ENGINE=InnoDB AUTO_INCREMENT=5 DEFAULT CHARSET=latin1;
/*!40101 SET character_set_client = @saved_cs_client */;

--
-- Dumping data for table `list_item`
--

LOCK TABLES `list_item` WRITE;
/*!40000 ALTER TABLE `list_item` DISABLE KEYS */;
INSERT INTO `list_item` VALUES (1,0,'2019-06-25 20:43:46','2019-06-25 20:43:46',18,1),(2,0,'2019-06-25 20:43:46','2019-06-25 20:43:46',102,1),(3,0,'2019-06-25 20:43:46','2019-06-25 20:43:46',29,1),(4,0,'2019-06-25 20:43:46','2019-06-25 20:43:46',108,1);
/*!40000 ALTER TABLE `list_item` ENABLE KEYS */;
UNLOCK TABLES;

--
-- Table structure for table `store`
--

DROP TABLE IF EXISTS `store`;
/*!40101 SET @saved_cs_client     = @@character_set_client */;
 SET character_set_client = utf8mb4 ;
CREATE TABLE `store` (
  `id` int(11) NOT NULL AUTO_INCREMENT,
  `name` varchar(30) NOT NULL,
  `address` varchar(100) NOT NULL,
  `createdAt` datetime NOT NULL DEFAULT CURRENT_TIMESTAMP,
  `updatedAt` datetime NOT NULL DEFAULT CURRENT_TIMESTAMP,
  PRIMARY KEY (`id`)
) ENGINE=InnoDB AUTO_INCREMENT=5 DEFAULT CHARSET=latin1;
/*!40101 SET character_set_client = @saved_cs_client */;

--
-- Dumping data for table `store`
--

LOCK TABLES `store` WRITE;
/*!40000 ALTER TABLE `store` DISABLE KEYS */;
INSERT INTO `store` VALUES (1,'Tech Ridge','500 W Canyon Ridge Dr, Austin, TX 78753','2019-06-25 20:23:55','2019-06-25 20:23:55'),(2,'Mueller','1801 E 51st St, Austin, TX 78723','2019-06-25 20:23:55','2019-06-25 20:23:55'),(3,'Round Rock','1700 E Palm Valley Blvd, Round Rock, TX 78664','2019-06-25 20:23:55','2019-06-25 20:23:55'),(4,'Lakeline','14028 North, US 183, Austin, TX 78717','2019-06-25 20:23:55','2019-06-25 20:23:55');
/*!40000 ALTER TABLE `store` ENABLE KEYS */;
UNLOCK TABLES;

--
-- Table structure for table `user`
--

DROP TABLE IF EXISTS `user`;
/*!40101 SET @saved_cs_client     = @@character_set_client */;
 SET character_set_client = utf8mb4 ;
CREATE TABLE `user` (
  `id` int(11) NOT NULL AUTO_INCREMENT,
  `username` varchar(30) NOT NULL,
  `password` varchar(30) NOT NULL,
  `createdAt` datetime NOT NULL DEFAULT CURRENT_TIMESTAMP,
  `updatedAt` datetime NOT NULL DEFAULT CURRENT_TIMESTAMP,
  PRIMARY KEY (`id`)
) ENGINE=InnoDB AUTO_INCREMENT=3 DEFAULT CHARSET=latin1;
/*!40101 SET character_set_client = @saved_cs_client */;

--
-- Dumping data for table `user`
--

LOCK TABLES `user` WRITE;
/*!40000 ALTER TABLE `user` DISABLE KEYS */;
INSERT INTO `user` VALUES (1,'guest','password','2019-06-25 20:40:30','2019-06-25 20:40:30'),(2,'Joe','password','2019-06-25 20:40:30','2019-06-25 20:40:30');
/*!40000 ALTER TABLE `user` ENABLE KEYS */;
UNLOCK TABLES;
/*!40103 SET TIME_ZONE=@OLD_TIME_ZONE */;

/*!40101 SET SQL_MODE=@OLD_SQL_MODE */;
/*!40014 SET FOREIGN_KEY_CHECKS=@OLD_FOREIGN_KEY_CHECKS */;
/*!40014 SET UNIQUE_CHECKS=@OLD_UNIQUE_CHECKS */;
/*!40101 SET CHARACTER_SET_CLIENT=@OLD_CHARACTER_SET_CLIENT */;
/*!40101 SET CHARACTER_SET_RESULTS=@OLD_CHARACTER_SET_RESULTS */;
/*!40101 SET COLLATION_CONNECTION=@OLD_COLLATION_CONNECTION */;
/*!40111 SET SQL_NOTES=@OLD_SQL_NOTES */;

-- Dump completed on 2019-06-25 20:50:27
